TICID,RA,Dec,Tmag,Keywords
348934856,149.026,-12.7554,11.95,G07077
396743356,147.3169,-17.3027,11.73,G07077
408308474,144.8428,-17.9734,11.61,G07077
413279476,144.4249,-18.734,11.67,G07077
415569420,147.1439,-18.1659,12.22,G07077
415600780,147.3599,-18.4018,11.68,G07077
415600896,147.4083,-18.1271,11.64,G07077
415601803,147.496,-19.6959,12.18,G07077
415678512,148.1086,-19.1724,11.3,G07077
46905675,143.0222,-7.2415,12.29,G07077
47002850,143.708,-6.5425,12.05,G07077
47007627,144.0632,-7.1464,11.49,G07077
47007867,143.9984,-7.8632,12.23,G07077
52012931,144.6155,-18.6027,12.11,G07077
179229926,158.6449,-21.2752,11.83,G07077
192546178,154.6762,-21.6593,11.85,G07077
192561364,154.9213,-22.4664,12.39,G07077
192562813,155.0295,-21.924,11.74,G07077
307981267,154.8118,-13.1442,12.5,G07077
308773645,151.5577,-17.4221,12.44,G07077
308774709,151.564,-14.431,12.23,G07077
308776046,151.6779,-13.6718,12.14,G07077
308819998,151.9121,-14.5836,11.63,G07077
422201977,151.0905,-16.4596,12.38,G07077
423366849,157.0668,-19.256,12.11,G07077
423436881,157.672,-20.6652,11.85,G07077
423445356,157.8475,-19.3624,11.49,G07077
14296561,144.4605,-5.6898,12.41,G07077
14308485,144.6519,-0.7256,12.77,G07077
179641767,145.5041,-2.0343,10.62,G07077
179666362,146.0139,-5.5931,12.3,G07077
179680873,146.2903,-5.7048,12.04,G07077
453054769,145.383,0.7037,11.47,G07077
455269773,146.1174,3.703,12.52,G07077
455274743,146.5476,1.5795,11.55,G07077
62631441,142.5441,-4.9384,11.49,G07077
78232515,148.4759,-4.2515,11.32,G07077
17547198,135.4146,-30.8463,9.41,G07077
17629449,135.5712,-32.0529,12.34,G07077
17896056,136.2091,-31.6419,12.12,G07077
17896699,136.1852,-32.0302,12.39,G07077
17896795,136.1616,-32.0878,12.4,G07077
18073600,136.2992,-31.1737,11.83,G07077
18076925,136.4657,-30.8781,11.98,G07077
1861247,133.0599,-29.3877,10.82,G07077
19084889,138.5376,-33.7439,11.34,G07077
19084938,138.665,-33.7116,11.52,G07077
19272162,139.1223,-34.7707,9.3,G07077
19349756,139.2125,-33.1704,11.65,G07077
19616361,139.8925,-34.7571,12.2,G07077
1969270,133.1819,-28.3561,11.08,G07077
1969785,133.1198,-28.7001,11.58,G07077
19828640,140.4097,-32.4432,11.6,G07077
2137137,133.6441,-28.9732,10.72,G07077
2140167,133.8256,-28.9647,11.43,G07077
24616778,141.4524,-32.4897,12.35,G07077
259912011,144.654,-37.8185,11.97,G07077
286755309,150.2186,-40.0306,11.24,G07077
286932381,150.5413,-40.592,11.25,G07077
350229162,151.1428,-41.4088,10.49,G07077
393204184,144.4802,-39.1504,11.88,G07077
393224161,144.5019,-38.1372,12.3,G07077
44307218,145.0264,-36.9865,11.92,G07077
44446869,145.4603,-38.8798,12.24,G07077
44517007,145.6101,-38.1687,12.42,G07077
44567068,145.7963,-37.2404,12.09,G07077
44568789,145.8591,-38.4931,12.58,G07077
44690112,146.2539,-40.2834,10.21,G07077
44926138,146.8473,-40.4434,11.37,G07077
45361909,148.2024,-37.0889,11.64,G07077
45413917,148.245,-40.2406,11.11,G07077
45495670,148.4756,-38.8803,11.75,G07077
45605240,148.9734,-40.497,10.61,G07077
48110028,147.536,-34.3084,12.14,G07077
48110278,147.6083,-34.5339,11.59,G07077
48110582,147.5483,-34.8445,11.77,G07077
48276082,148.1605,-34.4117,12.15,G07077
5695632,143.3874,-36.4178,12.16,G07077
70903335,152.4426,-35.4395,12.16,G07077
72473733,151.3479,-41.3651,10.76,G07077
72482495,151.4351,-38.3956,12.29,G07077
72541772,151.7254,-39.9935,12.39,G07077
72603547,151.8521,-39.0686,11.82,G07077
72656504,151.9257,-39.0035,12.42,G07077
72739208,152.321,-40.3076,12.09,G07077
72741301,152.2836,-38.5464,12.16,G07077
72804481,152.4849,-41.8379,11.21,G07077
72849450,152.7412,-39.2832,12.09,G07077
72961328,153.0854,-39.7415,12.17,G07077
73317827,154.2044,-40.1317,12.39,G07077
101424669,149.1134,-33.1546,11.92,G07077
101577670,150.3197,-32.0583,11.64,G07077
101589727,150.4933,-31.0946,11.75,G07077
101626435,150.6989,-30.8543,12.35,G07077
11526150,149.7154,-27.0827,12.35,G07077
167898527,151.4574,-28.5007,11.68,G07077
167980512,152.1777,-25.4813,12.16,G07077
168074723,152.732,-29.7971,11.88,G07077
168207121,153.6414,-29.4618,12.43,G07077
168277075,154.1522,-29.7295,11.93,G07077
193089654,156.5785,-26.8984,12.41,G07077
193136610,157.216,-28.4008,11.39,G07077
193136643,157.1981,-28.4636,12.16,G07077
193196442,157.6304,-28.5602,12.34,G07077
193269567,158.4466,-26.6576,12.28,G07077
22010192,147.4473,-28.113,12.37,G07077
22219700,148.9584,-26.9867,12.18,G07077
22288255,149.6225,-28.0241,11.52,G07077
25607767,144.7397,-31.383,11.84,G07077
25777696,145.3388,-30.7577,12.22,G07077
29631542,150.835,-31.9046,12.01,G07077
308886683,150.4025,-28.1513,11.73,G07077
308886911,150.3532,-27.7452,11.92,G07077
308929045,150.4713,-25.2783,11.5,G07077
308930008,150.5162,-27.0061,12.12,G07077
308984461,150.9727,-27.4377,11.97,G07077
309026539,151.2491,-29.8437,11.14,G07077
309027656,151.2021,-27.8289,11.23,G07077
309089790,151.2937,-27.6294,12.16,G07077
410319267,150.1508,-21.7029,12.41,G07077
410349025,150.2865,-22.3192,12.22,G07077
48106994,147.6104,-30.7644,12.2,G07077
53546242,156.7825,-32.8072,12.36,G07077
53574594,157.0354,-30.3895,12.18,G07077
53785277,158.2372,-30.0429,11.5,G07077
70713310,151.4673,-30.1512,11.97,G07077
70779939,151.8853,-31.1046,12.03,G07077
70873884,152.4735,-30.0565,12.42,G07077
71093196,153.3344,-31.336,11.75,G07077
71121027,153.4049,-32.0598,11.65,G07077
71122591,153.6205,-30.0057,12.14,G07077
1137183,131.1935,-25.3343,11.15,G07077
11388629,145.8793,-24.2572,11.94,G07077
1229682,137.3806,-17.0888,12.45,G07077
1511418,132.069,-26.4964,11.06,G07077
176659653,141.6646,-19.0139,12.45,G07077
176660024,141.6827,-18.323,11.84,G07077;G07096;G07096
176660631,141.7539,-18.6483,12.43,G07077
176683987,141.9291,-21.8114,12.38,G07077
189347283,142.3268,-27.1302,12.15,G07077
189347431,142.3491,-27.3386,11.08,G07077
189620036,144.0315,-24.7192,12.15,G07077
2246427,134.0248,-27.35,11.85,G07077
229842548,137.8694,-22.4502,12.1,G07077
314966008,144.6116,-25.6168,12.16,G07077
314967152,144.6302,-24.1715,11.78,G07077
314994483,144.7823,-26.2301,12.06,G07077
314994530,144.8756,-26.1521,11.9,G07077
314994581,144.7566,-26.1023,11.79,G07077
314995280,144.8113,-24.8886,12.25,G07077
315119191,145.2881,-25.429,11.78,G07077
37687477,135.6073,-26.6512,12.36,G07077
37865707,136.1664,-26.9759,12.51,G07077
380525272,140.1345,-21.7262,11.08,G07077
38121607,136.9477,-25.7413,12.2,G07077
38122185,136.9237,-25.1524,12.17,G07077
38455633,138.1966,-27.4789,12.23,G07077
408310311,144.8456,-21.5879,11.43,G07077
408377560,145.2296,-20.9773,11.58,G07077
408382452,145.4842,-23.5302,12.04,G07077
413168113,143.5695,-23.6079,11.83,G07077
413205400,143.7827,-20.4846,11.65,G07077
413298527,144.5124,-21.4043,12.15,G07077
423332337,140.9764,-21.6383,12.46,G07077
423338092,141.1679,-21.7311,11.81,G07077
432127484,137.2389,-22.5916,11.07,G07077
70558311,139.1268,-29.2704,12.34,G07077
123214109,114.2582,-43.6446,12.2,G07077
122907450,113.0087,-46.7084,10.77,G07077
122991921,113.2303,-47.3356,11.55,G07077
123036539,113.5831,-46.504,9.77,G07077
123036781,113.519,-46.6835,10.96,G07077
123101821,113.7202,-47.3369,10.18,G07077
123330565,114.5662,-46.8396,11.21,G07077
238120900,105.3349,-52.2847,11.99,G07077
238166506,106.42,-53.1285,12.22,G07077
262496726,109.9054,-59.757,12.4,G07077
262497842,109.9625,-58.215,11.71,G07077
262498291,109.8078,-57.5919,12.24,G07077
267461122,113.9555,-52.8109,12.15,G07077
267898521,115.2705,-50.0581,12.12,G07077
267899236,115.4124,-49.5779,11.79,G07077
268764405,117.7624,-50.3039,8.85,G07077
268917103,118.0001,-49.818,11.33,G07077
268917389,118.0775,-49.9836,11.54,G07077
269067794,118.4589,-49.2958,10.76,G07077
279050836,102.2676,-55.1326,12.49,G07077
279056688,102.4137,-55.2695,11.81,G07077
279087952,102.7267,-55.5903,11.72,G07077
279156979,103.1143,-55.8034,12.31,G07077
279213272,103.1907,-55.8902,12.12,G07077
279215743,103.5407,-55.606,12.15,G07077
279248584,103.9294,-55.8594,12.02,G07077
279318397,104.2107,-56.5987,12.14,G07077
279360364,104.7048,-56.3706,12.22,G07077
279360705,104.771,-56.8607,12.15,G07077
279426386,104.9664,-56.1102,12.41,G07077
279429722,105.2255,-56.4393,10.24,G07036;G07077
279429792,105.2416,-56.5477,12.21,G07077
279478380,105.2445,-56.0502,12.16,G07077
279510020,105.5219,-57.9104,11.34,G07077
279572880,106.0793,-57.2314,12.36,G07077
279573401,106.1837,-56.5107,12.03,G07077
279573622,106.0948,-56.2095,11.69,G07077
281576937,114.1899,-58.0467,12.06,G07077
284349405,106.8864,-52.4557,11.97,G07077
287272642,109.4843,-59.7213,11.91,G07077
287273303,109.5606,-58.9263,12.37,G07077
287273752,109.3882,-58.351,12.48,G07077
287328202,109.7635,-58.1155,12.33,G07077
287328596,109.7414,-58.5098,12.48,G07077
287329210,109.7714,-59.2261,12.02,G07077
287329261,109.6641,-59.2917,11.73,G07077
293974315,106.9997,-58.5939,12.07,G07077
293974393,106.9055,-58.4808,12.32,G07077
294048384,106.9992,-55.6265,12.27,G07077
294055396,107.3736,-58.7672,12.46,G07077
294152312,107.8141,-59.5277,12.26,G07077
294204689,107.9974,-57.6828,11.88,G07077
294208320,108.3332,-57.5267,12.46,G07077
294271284,108.4278,-57.181,11.78,G07077
294272072,108.3451,-58.1669,11.98,G07077
294274107,108.7003,-58.9852,11.99,G07077
294274870,108.7392,-58.0089,12.38,G07077
294391198,109.153,-57.3357,12.14,G07077
294398549,109.213,-58.5027,12.14,G07077
294398994,109.2548,-59.0271,12.56,G07077
294399419,109.2011,-59.5724,12.23,G07077
339633529,110.0934,-58.7615,12.41,G07077
339731988,110.6593,-59.7344,12.43,G07077
339770817,111.1965,-59.7099,11.14,G07036;G07077
339771240,111.2749,-59.5501,12.38,G07077
339862021,111.5192,-59.8449,11.8,G07077
339862515,111.6507,-59.3325,11.57,G07077
339862757,111.639,-59.0011,11.91,G07077
339891371,111.9992,-58.6931,11.95,G07077
339957991,112.4471,-57.1218,12.13,G07077
340006839,112.6886,-58.8412,11.92,G07077
340006877,112.7955,-58.8939,12.49,G07077
340006994,112.839,-59.0358,12.39,G07077
340007009,112.8198,-59.0489,11.99,G07077
340007359,112.7367,-59.4903,10.68,G07089;G07036;G07077
340008199,112.9223,-59.2624,12.05,G07077
340008522,112.973,-58.847,11.5,G07077
340135986,113.1037,-59.8586,11.11,G07077
340320690,115.3225,-55.6859,12.22,G07077
349411416,110.4229,-60.0705,12.55,G07077
349484636,111.279,-60.0018,10.95,G07036;G07071;G07077
349485128,111.2463,-60.6198,11.99,G07077
349643347,111.8431,-60.2695,12.37,G07077
349681324,112.5368,-60.7308,10.28,G07077
445655402,117.2131,-57.7016,11.94,G07077
118262999,128.4636,-59.2118,12.07,G07077
281581626,116.1291,-60.5694,11.78,G07077
281583178,115.9489,-62.2647,12.31,G07077
290414306,138.1643,-65.9043,11.64,G07077
301924382,131.417,-68.1165,12.49,G07077
302216177,132.7278,-66.689,11.71,G07077
302792253,135.4515,-67.1874,9.8,G07077
302793199,135.6052,-67.7156,10.82,G07077
302854944,135.8635,-67.5951,11.05,G07077
307162980,124.4265,-65.983,12.5,G07077
307286099,125.0055,-66.3853,12.47,G07077
307365328,125.7258,-66.5098,11.63,G07077
308396215,120.1256,-63.898,11.88,G07077
308396847,120.2398,-64.5435,11.71,G07077
308399199,120.4253,-64.5468,12.07,G07077
308451261,120.5437,-63.7974,11.36,G07077
308451318,120.6557,-63.8535,12.16,G07077
308452734,120.6443,-65.46,12.37,G07077
308454810,120.8008,-64.0444,12.08,G07077
308663683,121.7616,-65.476,12.36,G07077
308987718,123.0745,-61.9429,11.91,G07077
309297367,124.4797,-62.8179,12.21,G07077
309401404,124.5849,-65.9837,11.85,G07077
309401689,124.8695,-65.6533,12.2,G07077
310311035,128.1452,-63.6911,12.29,G07077
310382964,128.2578,-60.4099,11.7,G07077
310388942,128.3427,-62.8201,11.96,G07077
310486751,128.8601,-59.9674,12.13,G07077
310645887,129.0488,-63.1852,11.82,G07077
342005586,122.388,-58.1688,10.74,G07077
342216421,123.3362,-59.5063,10.81,G07077
342504044,124.6412,-59.0152,11.0,G07077
342599287,124.8366,-57.7318,11.71,G07077
342671215,124.9347,-57.4194,12.42,G07077
342747731,125.2009,-57.7505,11.84,G07077
342849642,125.473,-56.8122,11.59,G07077
342880387,125.661,-56.9112,11.65,G07077
342958503,125.7754,-56.688,12.42,G07077
343168946,126.4455,-57.8506,11.95,G07077
349766259,112.9212,-61.7038,11.47,G07077
349766314,112.8906,-61.6335,12.44,G07077
349831004,113.694,-62.7935,12.24,G07077
349907046,114.0845,-61.1731,11.97,G07077
349968455,114.4331,-61.8507,12.35,G07077
350028980,114.8837,-62.6575,11.86,G07077
350030243,114.731,-61.3517,12.48,G07077
350098049,115.3003,-62.7454,12.5,G07077
350141433,115.4451,-61.9676,11.64,G07077
350182510,115.7376,-62.0409,11.97,G07077
355157735,130.3904,-62.6855,12.28,G07077
355374988,130.9534,-62.6464,11.57,G07077
355534831,131.5501,-63.0987,11.64,G07077
355938791,132.8121,-62.7096,10.05,G07077
356206154,133.7518,-65.7438,11.87,G07077
356364780,133.9389,-65.5739,12.26,G07077
356451994,134.2959,-62.1955,11.48,G07077
356628805,134.8747,-61.8668,11.27,G07077
356839753,135.6896,-65.5449,12.31,G07077
358464403,119.0511,-60.9449,10.62,G07077
358510251,119.259,-63.791,12.13,G07077
364394313,116.5011,-62.9939,12.03,G07077
364396729,116.4974,-60.3243,11.4,G07077
364422960,119.6535,-64.9582,12.47,G07077
382512638,117.3676,-60.7882,11.23,G07077
382527127,117.7563,-63.3495,12.36,G07077
410447951,118.0627,-62.864,12.37,G07077
410486537,119.8937,-64.0831,11.37,G07077
45298962,130.2359,-59.4745,12.21,G07077
89458835,126.9756,-56.7746,12.48,G07077
89704903,127.595,-57.2293,11.4,G07077
141869967,94.209,-72.5051,12.22,G07077
142082742,98.1198,-72.4552,12.64,G07077
142084091,98.0618,-74.5397,11.98,G07077
142087340,98.4251,-74.7009,9.29,G07036;G07077
142105882,99.0367,-72.4618,12.18,G07077
142142321,99.2503,-73.8749,10.16,G07077
142143740,99.7938,-72.3293,10.93,G07077
142145170,99.7601,-74.7637,11.82,G07077
166974307,94.6262,-71.0003,11.66,G07077
166975638,94.7743,-71.4258,12.38,G07077
167005469,94.8709,-69.8225,12.01,G07077
167006364,95.0494,-68.9646,10.76,G07077
167010833,95.3556,-67.505,10.98,G07036;G07077
167040411,95.0715,-69.5314,10.57,G07077
167042036,95.2297,-71.2507,12.21,G07077
167042110,95.2291,-71.3528,11.73,G07077
167042472,95.0714,-71.774,12.12,G07077
167086734,95.9136,-67.9951,11.66,G07077
167089959,95.789,-71.5754,10.95,G07036;G07077
167163906,96.323,-71.3622,11.04,G07036;G07077
167163909,96.4941,-71.3645,11.18,G07077
167164775,96.7076,-71.383,10.35,G07036;G07077
167164880,96.7227,-71.2428,11.25,G07077
167167167,96.7891,-68.4671,11.81,G07077
167204815,96.8735,-71.7322,12.01,G07077
167206752,97.1735,-69.4581,12.28,G07077
167207517,97.1965,-68.5057,11.93,G07077
167249700,97.4843,-71.0868,12.07,G07077
167249879,97.494,-71.3718,11.72,G07077
167307018,98.1974,-68.2488,12.07,G07077
167309174,98.2587,-71.2856,11.11,G07036;G07077
167309586,98.0603,-71.9638,10.15,G07036;G07077
167309606,98.427,-71.9497,11.9,G07077
167342784,98.7971,-68.0806,12.09,G07077
167342845,98.752,-68.1592,11.9,G07077
167343765,98.8959,-69.4904,10.35,G07077
167364354,98.9954,-68.7179,11.3,G07077
167364571,99.2187,-68.4151,12.17,G07077
167367985,99.2786,-68.7166,11.77,G07077
167368379,99.4833,-69.4035,11.37,G07077
167368416,99.4017,-69.4956,12.19,G07077
167415721,99.287,-70.4686,11.73,G07077
167416137,99.4075,-71.2562,11.82,G07077
167417047,99.6316,-70.8114,12.26,G07077
167417549,99.5685,-69.9204,12.36,G07077
167420753,99.9986,-67.1563,11.63,G07077
167420834,99.9298,-67.2918,11.86,G07077
167421481,99.898,-68.2909,12.26,G07077
167421917,99.8474,-69.0385,12.02,G07077
167422211,99.9322,-69.6178,12.11,G07077
167422218,99.9001,-69.6261,11.19,G07077
167422469,99.9897,-70.0391,12.05,G07077
167571928,101.4591,-65.839,11.91,G07077
167571989,101.434,-65.7211,11.68,G07077
167572080,101.5305,-65.5214,12.38,G07077
167600488,101.9736,-65.67,12.39,G07077
167600516,102.0213,-65.6246,10.69,G07036;G07077;G07077;G07066
167750453,103.6564,-65.5631,12.21,G07077
167809441,104.6829,-64.8749,12.11,G07077
167809466,104.5194,-64.9154,12.12,G07077
167809685,104.5528,-65.3011,11.88,G07077
167810008,104.5695,-65.906,12.27,G07077
167889304,105.1116,-65.7272,12.3,G07077
167896417,105.7147,-64.8539,12.0,G07077
176871574,100.5498,-74.5376,11.65,G07077
176931042,100.2062,-71.0882,12.4,G07077
176931568,100.3041,-70.1448,12.06,G07077
176933311,100.3211,-67.378,12.09,G07077
176937668,100.4469,-71.3316,12.14,G07077
176957137,100.7374,-66.5715,10.89,G07077
176981409,101.3518,-69.8324,12.26,G07077
176982344,101.612,-68.3804,12.02,G07077
177017070,101.8747,-71.3871,12.34,G07077
177017898,102.0858,-70.8591,12.19,G07077
177019564,102.0667,-68.0313,10.83,G07077
177022213,102.2685,-67.6441,11.12,G07077
177022243,102.3777,-67.6986,11.34,G07077
177023346,102.3147,-69.4214,11.96,G07077
177023594,102.4674,-69.809,11.71,G07077
177023673,102.3096,-69.9113,11.91,G07077
177034708,102.734,-70.1251,11.44,G07077
177034861,102.5962,-69.8778,11.95,G07077
177077656,103.2843,-70.0961,11.75,G07077
177080751,103.6055,-66.2833,12.47,G07077
177113044,103.6921,-69.9901,11.91,G07077
177113114,103.6651,-70.1298,10.04,G07077
177114205,103.8354,-71.8593,11.1,G07077
177115211,103.9875,-70.0936,12.32,G07077
177116487,103.855,-68.1056,10.69,G07089;G07036;G07077
177117499,103.9924,-66.7252,11.82,G07077
177167950,104.7191,-67.375,11.7,G07077
177170266,104.8341,-69.041,10.59,G07077
177171236,104.667,-69.728,12.26,G07077
177177612,105.0086,-68.9334,12.31,G07077
177181688,105.0033,-66.2049,12.14,G07077
177236218,105.3293,-66.2909,10.59,G07036;G07077
177236722,105.4149,-66.926,12.31,G07077
177236915,105.3257,-67.182,12.14,G07077
177238322,105.3524,-69.1018,10.37,G07036;G07077
177238351,105.3445,-69.1488,12.37,G07077
177242528,101.4371,-73.58,10.92,G07036;G07077
177242966,101.1884,-72.8578,12.36,G07077
177253730,101.5619,-73.3465,11.74,G07077
177257923,102.052,-74.698,12.07,G07077
177258779,102.1418,-73.2167,11.76,G07077
177283525,102.6757,-73.442,11.39,G07077
177284077,102.5347,-74.3671,11.4,G07077
177308019,103.5094,-72.5434,12.37,G07077
177310324,103.394,-76.3951,11.27,G07077
177312474,103.8389,-75.2171,12.07,G07077
177349362,103.8483,-72.6401,10.33,G07036;G07077
177349718,103.6458,-72.0936,10.35,G07077
177351265,104.0576,-74.1746,11.54,G07077
177353755,104.3943,-76.5762,12.32,G07077
177353880,104.6171,-76.3083,11.67,G07077
177353945,104.587,-76.2081,12.06,G07077
177354146,104.638,-75.8009,12.17,G07077
177354461,104.4271,-75.2742,12.31,G07077
177387399,104.8793,-73.3967,12.54,G07077
177388686,104.9717,-75.5534,12.37,G07077
262576830,116.3709,-65.8095,12.42,G07077
262577154,116.2341,-65.3874,12.46,G07077
271554520,106.1715,-72.0015,12.33,G07077
271574526,105.8811,-73.9413,12.25,G07077
271639247,108.7308,-73.8123,11.38,G07077
271641031,109.1822,-72.8542,12.38,G07077
271641144,109.1494,-73.0544,12.26,G07077
271641849,109.2811,-74.2428,12.42,G07077
271722566,110.2636,-73.9804,11.62,G07077
271795373,111.249,-74.2706,12.32,G07077
271796082,111.319,-73.2533,10.54,G07077
271904790,113.6141,-73.7147,11.2,G07077
271970959,113.9022,-73.3189,11.78,G07077
271971221,114.0228,-73.6896,12.54,G07077
272004724,115.0572,-74.239,11.22,G07077
272086351,115.0876,-71.9731,11.72,G07077
272129137,116.1274,-73.3616,12.35,G07077
272188397,116.6639,-73.2547,12.37,G07077
272236035,117.8995,-72.3028,12.16,G07077
272287612,118.2018,-72.1887,12.34,G07077
272321877,119.1541,-73.1201,12.21,G07077
272322464,119.0163,-72.4045,12.29,G07077
272322679,119.0211,-72.1803,12.41,G07077
272357486,119.2637,-73.9432,12.01,G07077
272358084,119.438,-74.7172,11.54,G07077
272431130,120.3377,-74.6433,12.13,G07077
272466518,120.684,-74.819,10.39,G07077
272467375,120.4096,-73.6598,12.41,G07077
272467421,120.7116,-73.5917,10.63,G07077
272467917,120.5978,-72.9319,11.9,G07077
272469365,120.9252,-72.6126,11.78,G07077
272470241,121.1813,-73.7411,10.65,G07077
272470779,121.028,-74.4007,12.29,G07077
272548900,121.9176,-72.5304,11.97,G07077
284194584,105.7488,-67.415,11.3,G07036;G07077
287534656,124.6067,-73.6884,12.18,G07077
287638476,125.884,-73.4909,11.82,G07077
299898153,105.9941,-66.6494,12.11,G07077
299898365,105.9443,-67.0021,11.71,G07077
299941361,106.2604,-66.6306,12.33,G07077
299942210,106.424,-66.4205,11.14,G07077
299945269,106.4772,-71.4304,11.13,G07077
300012030,106.9102,-66.2784,12.03,G07077
300015135,107.2427,-70.292,12.55,G07077
300033383,107.3045,-71.4614,12.0,G07077
300033819,107.5192,-70.7312,11.76,G07077
300036391,107.4733,-66.6879,11.76,G07077
300039721,107.6105,-70.1134,12.33,G07077
300039785,107.7615,-70.2069,11.74,G07077
300089496,107.95,-66.2465,12.36,G07077
300089512,108.1502,-66.224,11.51,G07077
300091340,108.3568,-68.0852,11.23,G07036;G07077
300141017,108.6184,-66.333,12.14,G07077
300157909,109.0373,-68.2173,12.16,G07077
300157969,108.8928,-68.3063,9.6,G07036;G07077
300161861,109.1522,-69.2019,10.71,G07077
300162112,109.3297,-68.8182,11.36,G07077
300163917,109.1506,-66.2765,10.31,G07036;G07077
300239540,109.5374,-68.4653,12.18,G07077
300241889,109.7679,-71.6305,11.6,G07077
300242191,109.9445,-71.1297,11.81,G07077
300243913,109.8456,-68.3619,10.87,G07036;G07077
300287989,110.203,-67.1559,12.49,G07077
300288971,110.0231,-68.5981,12.27,G07077
300324667,110.5624,-66.1965,11.8,G07077
300324697,110.4028,-66.1533,11.76,G07077
300379945,111.0877,-66.9245,10.73,G07077
300381700,111.3403,-67.0673,12.43,G07077
300382764,111.1683,-68.4305,10.18,G07036;G07077
300384245,111.2503,-70.486,12.29,G07077
300442914,111.586,-70.9906,9.66,G07077
300447218,111.8171,-66.847,9.56,G07077
300449915,111.8543,-70.4333,11.76,G07077
300515837,112.6296,-68.5843,9.47,G07036;G07077
300556379,112.4608,-69.7301,11.55,G07077
300558107,112.7205,-71.4061,11.95,G07077
300559394,112.9193,-69.4699,11.38,G07077
300560165,112.7625,-68.3099,12.34,G07077
300563010,113.2079,-67.1247,12.16,G07077
300603886,113.284,-69.0128,12.31,G07077
300654475,114.4108,-70.1784,11.41,G07077
300656980,114.7115,-70.0759,12.2,G07077
300658177,114.6628,-68.4318,12.09,G07077
300707571,114.9622,-69.0522,12.18,G07077
300708628,114.9193,-70.5047,12.39,G07077
300710729,115.0914,-70.3511,11.1,G07077
300743032,116.4531,-71.38,12.38,G07077
300809101,116.7541,-67.7323,11.25,G07077
300811547,116.6679,-71.035,12.08,G07077
300811733,116.6977,-71.3204,12.45,G07077
300812928,117.1025,-70.7047,11.93,G07077
300814332,116.9478,-68.9282,12.47,G07077
300870453,117.175,-71.697,12.3,G07077
300870826,117.5427,-71.6281,12.35,G07077
300870867,117.5292,-71.5403,10.93,G07077
300871365,117.4848,-70.793,12.44,G07077
300933215,117.5149,-68.9234,11.96,G07077
300936922,117.8312,-67.0591,10.48,G07036;G07077
300938299,117.823,-68.688,12.52,G07077
300967571,117.7628,-71.5998,11.91,G07077
300967713,117.7674,-71.845,11.54,G07077
306509944,119.1687,-66.317,11.98,G07077
306577886,119.4943,-67.0783,11.83,G07077
306578069,119.3098,-66.8793,12.25,G07077
306637197,120.0327,-66.9773,12.37,G07077
306637282,119.909,-66.8648,12.28,G07077
306665596,120.1648,-67.0473,9.48,G07036;G07077
306669607,120.5073,-71.6448,10.65,G07077
306734815,120.4411,-67.0335,12.38,G07077
306735141,120.623,-66.7968,12.03,G07077
306735638,120.5877,-66.2475,11.58,G07077
306737440,120.7933,-67.5233,12.24,G07077
306739755,120.8308,-70.3544,12.28,G07077
306774530,121.2117,-66.0471,10.95,G07077
306830115,122.0708,-68.8107,11.4,G07077
306896028,122.4845,-71.036,11.85,G07077
306900161,122.4212,-66.3485,11.64,G07077
306928424,122.5994,-67.7812,11.86,G07077
306931685,122.5896,-71.7908,12.02,G07077
306934657,122.854,-68.501,9.89,G07036;G07077
307032090,123.1066,-68.7657,11.79,G07077
307085549,123.6328,-67.9495,11.61,G07077
348897051,105.9735,-64.7105,11.73,G07077
348993481,106.7394,-64.6021,12.33,G07077
349156582,108.1886,-65.6002,11.04,G07077
349310414,109.7264,-63.5656,11.19,G07077
349311929,109.7592,-65.8629,10.58,G07036;G07077
349376399,110.232,-64.3993,11.63,G07077
349478155,110.5897,-63.4896,12.19,G07077
349478347,110.7095,-63.7473,12.24,G07077
349478393,110.6596,-63.8002,12.23,G07077
349480291,110.8752,-65.3253,11.26,G07077
349482072,110.9754,-62.9213,11.5,G07036;G07077
349519383,111.0907,-62.8346,11.64,G07077
349520169,111.1318,-63.8608,12.37,G07077
349523766,111.3733,-62.8829,10.33,G07036;G07077
349573641,111.6781,-64.8906,11.72,G07077
349574142,111.6478,-65.6033,12.35,G07077
349574176,111.5835,-65.6446,11.49,G07077
349574321,111.5724,-65.8123,12.0,G07077
349641284,111.8811,-62.6965,11.73,G07077
349641710,111.9465,-62.1645,12.29,G07077
349646495,112.2582,-63.0754,12.1,G07077
349676121,112.3831,-65.3752,10.82,G07036;G07077
349765059,112.7901,-63.1602,12.44,G07077
349787894,113.4687,-64.7939,11.64,G07077
349832481,113.5897,-64.501,12.46,G07077
349833760,113.8921,-65.742,12.0,G07077
349834129,113.8846,-65.2531,11.74,G07077
349909955,114.0169,-64.401,12.36,G07077
349965606,114.375,-65.0279,11.71,G07036;G07077
350025837,114.5602,-65.418,11.56,G07077
350027063,114.8805,-64.8662,12.21,G07077
350096010,115.3715,-65.2782,11.15,G07077
350096124,115.4068,-65.106,12.2,G07077
358178338,107.2331,-75.0203,12.05,G07077
358180001,107.0919,-73.7775,12.34,G07077
358181612,107.0533,-72.3763,11.28,G07077
358511676,119.0674,-65.3765,12.08,G07077
364392579,116.5197,-65.1924,12.31,G07077
364423422,119.5586,-65.5099,12.25,G07077
370235749,105.3538,-74.4513,11.15,G07077
382572142,118.1668,-65.1926,10.91,G07077
382627751,118.7745,-65.0104,9.69,G07036;G07077
388182341,105.7383,-75.75,11.08,G07036;G07077
391890469,115.5993,-71.2777,12.01,G07077
391890671,115.5314,-70.9284,12.03,G07077
391892844,115.413,-67.6767,12.51,G07077
391893059,115.5722,-67.3611,12.28,G07077
391895060,115.7723,-67.189,12.06,G07077
391903770,106.2904,-74.335,11.38,G07036;G07077
391903776,106.6531,-74.3284,11.62,G07036;G07077
391927657,107.7803,-71.9958,12.32,G07077
391947051,108.0454,-74.0208,12.23,G07077
410488012,119.8347,-65.8693,11.44,G07077
41088155,90.6456,-69.0112,12.37,G07077
41226271,91.685,-70.8267,9.94,G07036;G07077
41229812,91.4842,-67.8024,11.72,G07077
41254454,92.0151,-67.8773,12.18,G07077
41255491,91.9142,-68.6681,11.77,G07077
41363877,92.886,-70.1257,11.9,G07077
41464859,93.0464,-69.6814,11.95,G07077
41486002,93.5486,-67.9239,12.1,G07077
41528411,93.7983,-67.3638,11.72,G07077
41590169,94.1069,-67.221,11.57,G07036;G07077
41594564,94.4476,-68.6084,9.92,G07077
453080412,113.569,-69.3186,11.95,G07077
453096524,113.9792,-69.3575,12.2,G07077
453097873,113.9425,-71.6742,11.69,G07077
453098034,116.0179,-71.9407,12.43,G07077
453098271,116.1883,-71.5457,11.59,G07077
453098658,116.1448,-70.9411,12.51,G07077
453098720,116.1364,-70.8651,12.3,G07077
453098858,116.1958,-70.6393,12.02,G07077
149348420,83.7989,-62.1471,10.27,G07036;G07077
149392671,84.2663,-62.4486,11.51,G07077
149423021,84.372,-62.0754,10.81,G07077
149423436,84.404,-61.1529,12.1,G07077
149450404,84.874,-61.0038,11.63,G07077
149497903,85.7399,-60.0502,12.47,G07077
149502463,85.8755,-65.2349,12.13,G07077
149502891,85.8573,-64.7887,11.27,G07077
149601408,87.0429,-60.0907,12.1,G07077
149629162,87.4137,-62.8706,12.28,G07077
149630734,87.5457,-60.6402,10.64,G07077
149902452,88.1664,-61.4721,11.33,G07077
149975676,90.3354,-64.3604,11.58,G07077
150029756,90.8448,-60.1204,10.6,G07077
150031766,91.0559,-63.8067,11.22,G07077
150032737,91.0449,-65.3925,11.73,G07077
150033637,91.2542,-65.4332,11.82,G07077
150033920,91.3072,-65.0567,11.69,G07077
150062222,91.2007,-62.7184,11.81,G07077
150063031,91.3637,-61.133,12.41,G07077
150067073,91.4583,-65.8768,11.81,G07077
150101616,92.0065,-63.4993,10.92,G07036;G07077;G07096
150102127,91.9296,-64.2593,12.01,G07077
150106486,92.3729,-60.5889,11.66,G07077
150107221,92.6017,-60.8608,11.25,G07077
150107289,92.5078,-61.0156,12.43,G07077
150140166,92.7186,-64.4712,11.72,G07077
150151262,92.9361,-65.8258,9.91,G07036;G07157;G07077;G07066;20SECONDTARGET
150166549,93.5576,-61.1439,10.65,G07077
150168859,93.4261,-65.2606,12.01,G07077
150186915,93.6791,-64.1981,10.86,G07077
150189826,93.8822,-61.3621,11.33,G07077
150189995,93.9108,-61.6979,11.43,G07036;G07077
150247039,94.2849,-62.8088,12.41,G07077
150275592,95.0315,-63.6696,12.04,G07077
150298433,95.201,-63.8512,12.08,G07077
150319693,95.5859,-65.3704,10.76,G07036;G07077
150322913,95.9946,-60.7477,11.86,G07077
150324787,95.7755,-64.5497,9.38,G07077
150359212,96.0699,-60.3659,10.04,G07036;G07077
150359842,96.3242,-60.7016,11.28,G07077
150359892,96.3311,-60.7936,10.1,G07036;G07077
150360085,96.4333,-61.1079,10.67,G07036;G07077
150361243,96.4298,-63.3768,12.04,G07077
150389603,96.3058,-65.6889,11.8,G07077
150390345,96.5273,-64.8682,12.24,G07077
150391525,96.6719,-62.4935,11.91,G07077
150395322,96.8243,-64.4441,12.2,G07077
150430484,97.1445,-61.1502,11.96,G07036;G07077
150430566,97.1576,-61.0193,10.84,G07036;G07077
150439974,97.5277,-61.9688,10.89,G07077
150441905,97.7773,-61.2712,11.18,G07077
150442974,97.9193,-63.1066,12.13,G07077
167525968,100.5806,-61.6309,11.42,G07077
167527065,100.7474,-60.2233,10.53,G07077
167549203,100.631,-62.5339,11.62,G07077
167551882,100.911,-64.1977,12.07,G07077
167552318,100.9518,-63.4303,12.42,G07077
167573283,101.4595,-63.067,11.58,G07077
167602545,101.9273,-61.5491,12.07,G07077
167603388,101.8765,-60.051,12.34,G07077
167604549,102.1958,-61.9267,12.39,G07077
167651398,102.3116,-62.8137,11.02,G07077
167693009,102.7292,-64.0325,12.41,G07077
167695470,102.974,-63.6499,12.29,G07077
167718241,103.1733,-62.6915,12.17,G07077
167722247,103.3671,-61.976,12.1,G07077
167754778,104.0368,-61.1531,12.46,G07077
167808338,104.5366,-63.011,11.66,G07077
167808514,104.6511,-63.2653,11.33,G07077
260004324,91.0932,-55.3106,10.14,G07036;G07077;G07157;G07066
260004371,91.0312,-55.1873,11.31,G07077
260044594,91.4251,-56.9449,12.04,G07077
260045258,91.4625,-55.4953,11.39,G07036;G07077
260078558,91.8677,-54.5624,12.32,G07077
260127258,92.0805,-57.1157,11.13,G07036;G07077
260127839,92.1556,-58.4443,10.64,G07077
260193252,93.2949,-58.0509,12.48,G07077
260244028,93.7499,-57.251,11.31,G07077
260266336,94.0792,-59.5711,11.6,G07077
260298533,94.4244,-56.9482,11.53,G07077
260303738,94.5409,-56.3867,12.35,G07077
260352192,94.7596,-56.7713,12.01,G07077
260355159,95.0495,-57.1571,11.64,G07077
260355230,95.0415,-57.3222,10.4,G07036;G07077
260367888,95.1519,-59.7546,10.96,G07077;G07109
260369825,95.3059,-55.7275,10.98,G07036;G07077
260371228,95.5137,-54.7676,11.93,G07089;G07077
260414929,95.6698,-59.0077,12.29,G07077
260415914,95.6691,-57.0173,11.37,G07036;G07077
260416162,95.5535,-56.5611,11.58,G07077
260416560,95.5456,-55.7951,10.88,G07036;G07077
260417932,95.9408,-54.5779,10.74,G07036;G07077
260471064,96.1256,-58.9952,11.13,G07077
260476305,96.342,-58.6566,11.09,G07036;G07077
260476779,96.27,-59.6775,10.31,G07036;G07077
260502102,96.5153,-59.0163,11.03,G07036;G07071;G07077
260502312,96.5515,-58.5872,11.39,G07036;G07077
260505190,96.6353,-54.4768,11.94,G07077
260635268,97.7041,-59.5874,12.14,G07077
260636286,97.7799,-57.5945,12.37,G07077
260653839,98.0257,-59.4362,12.18,G07077
260656210,98.2201,-55.01,12.46,G07077
260657137,98.4322,-54.4827,11.48,G07077
260657174,98.3502,-54.5415,11.84,G07077
260709051,98.4476,-57.5184,11.04,G07077
278684615,99.0568,-56.5145,11.68,G07077
278775329,99.728,-55.6771,10.31,G07036;G07077;G07096
278822450,100.2733,-57.4721,11.42,G07077
278823665,100.2048,-59.6394,12.17,G07077
278824989,100.376,-57.6377,11.59,G07077
278897617,101.0495,-58.9996,12.01,G07077
278955973,101.5064,-56.3538,10.2,G07036;G07077
278958623,101.6247,-58.5419,11.27,G07077
278959991,101.6291,-56.0598,12.3,G07077
278990408,102.0111,-59.0159,11.2,G07077
278990528,101.9468,-58.8387,12.11,G07077;G07096
279055945,102.5464,-56.3949,11.74,G07077
279158438,103.0444,-58.1069,11.13,G07036;G07077
279159822,103.266,-59.4891,12.12,G07077
279362204,104.793,-59.2302,10.08,G07089;G07036;G07077
279362433,104.6706,-59.6112,12.26,G07077
279570232,105.9601,-58.4572,10.95,G07036;G07077
279615636,106.4497,-59.1701,12.32,G07077
279615956,106.2931,-59.6823,10.27,G07036;G07077
293220616,98.4253,-64.404,9.79,G07077
293225895,98.6241,-61.6721,9.58,G07036;G07077
293271908,98.7115,-62.1115,12.07,G07077
293272405,98.7243,-61.2683,11.76,G07077
293273269,99.0687,-59.9877,12.28,G07077
293347429,99.1154,-63.8387,12.47,G07077
293973187,106.7448,-59.6789,12.01,G07077
293973396,106.9274,-59.9465,11.84,G07077
31310253,88.4575,-66.427,12.28,G07077
31311109,88.294,-67.0682,10.49,G07077
31410025,88.9703,-66.4885,10.56,G07077
31512254,89.2531,-67.1068,10.04,G07077
348839936,98.8309,-57.9051,11.69,G07077
348840631,98.7152,-59.3651,12.19,G07077
348842369,99.0232,-56.8356,11.7,G07077
348844482,105.9415,-60.8355,12.03,G07077
348894484,105.7474,-62.4084,12.36,G07077
348899676,105.9695,-60.1922,12.26,G07077
349054909,107.2878,-60.2075,12.15,G07077
349061881,107.4531,-60.652,11.53,G07036;G07077
349154460,108.3139,-62.0452,12.23,G07077
349192144,108.6589,-60.5469,11.96,G07077
349269873,109.0482,-61.1607,12.01,G07077
349306559,109.4632,-61.325,11.93,G07077
350295193,83.402,-56.6805,12.18,G07077
350335778,84.3482,-58.6383,11.48,G07036;G07077
350336132,84.3446,-57.5134,9.97,G07077
350336291,84.2687,-57.1249,12.22,G07077
350345619,84.7487,-56.767,12.3,G07077
350433143,85.0487,-58.4695,10.48,G07036;G07077
350443648,85.324,-58.0562,10.94,G07036;G07077
350445591,85.5299,-57.1616,10.61,G07077
350479736,85.8622,-59.228,12.01,G07077
350480038,85.8417,-58.5489,11.78,G07077
350480156,85.9387,-58.2649,11.28,G07077
350518586,86.1853,-55.8363,10.16,G07036;G07077
350520090,86.2101,-59.3081,12.08,G07077
350584229,87.1992,-57.6013,12.14,G07077
350619392,87.3389,-56.5377,10.72,G07036;G07077
350620274,87.3666,-58.5722,11.56,G07077
350653232,87.8558,-56.7509,11.2,G07077
350654234,87.8001,-58.9074,12.32,G07077
350655506,88.0515,-58.1831,12.09,G07077
350656545,88.0727,-55.8963,10.19,G07036;G07077
350656848,87.969,-55.2234,11.72,G07077
350711064,88.3089,-57.7393,12.28,G07077
350711572,88.1938,-58.1696,11.83,G07077
350716054,88.3434,-56.5506,11.6,G07077
350740342,88.714,-54.9678,11.96,G07077
350763526,89.1194,-55.1199,10.6,G07077
350822259,89.3549,-58.3909,11.52,G07077
350822345,89.5198,-58.5743,11.45,G07077
350843432,90.0328,-58.8045,10.94,G07036;G07077
350843733,89.9938,-58.1603,12.52,G07077
350844713,90.0387,-56.1618,11.46,G07036;G07077
350858673,90.2301,-54.8985,11.41,G07077;G07096
350929454,90.4908,-55.9658,12.17,G07077
350953524,90.9094,-56.9078,10.96,G07036;G07077
364326610,101.6804,-62.6377,11.96,G07077
372850839,98.0724,-62.3254,10.91,G07077
372851624,98.0911,-63.7445,10.88,G07077
372851675,98.0872,-63.8163,11.51,G07077
374829419,88.3917,-65.4297,11.9,G07077
374857047,88.2956,-64.2283,10.76,G07036;G07077
374859785,88.6561,-60.977,11.75,G07036;G07077
375032331,99.3993,-62.1271,9.93,G07077
375032752,99.2013,-61.3842,12.19,G07077
375033634,99.5045,-59.8964,12.03,G07077
375035945,99.5666,-64.185,12.02,G07077
375037375,99.7144,-64.8952,11.28,G07077
375056177,99.7109,-61.9136,11.33,G07036;G07077
375056277,99.7258,-61.7332,12.12,G07077
375056282,99.6707,-61.7267,11.96,G07077
375058315,99.9892,-61.8385,11.97,G07077
375058760,99.9474,-62.6772,11.27,G07077
375088647,100.3312,-63.8426,11.18,G07036;G07077
375089071,100.2428,-63.0891,11.89,G07077
375090561,100.3416,-60.4334,11.44,G07077
382199165,81.5211,-57.8026,9.7,G07036;G07077
382256203,82.3092,-59.6035,11.61,G07077
382265683,82.5851,-59.8291,10.47,G07036;G07077
382266488,82.834,-57.7299,12.07,G07077
382266780,82.883,-56.8781,12.16,G07077
382269523,83.034,-58.9316,12.13,G07077
382302205,83.2623,-58.8418,11.99,G07077
382302906,83.3324,-56.7062,11.65,G07077
41083578,90.4377,-66.298,10.92,G07077
41231758,91.5781,-66.4085,10.99,G07077
41233160,91.8853,-66.5828,11.98,G07077
149037641,78.5256,-62.5667,10.26,G07036;G07077
149037832,78.5004,-62.9472,12.43,G07077
149106873,80.608,-60.2401,11.8,G07077
149121369,80.7528,-63.5926,11.05,G07077
149126329,81.1066,-63.1262,11.55,G07077
149158721,81.4353,-65.5126,12.33,G07077
149174576,81.4586,-63.0617,11.74,G07077
149214836,82.176,-65.3481,12.23,G07077
149219729,82.2294,-62.7386,11.78,G07077
149220565,82.2278,-63.9909,10.68,G07077
149248053,82.4225,-65.3032,12.02,G07077
149268934,82.7023,-63.7991,11.69,G07077
149306361,83.3967,-65.6771,12.06,G07077
179236743,79.5629,-66.4836,12.35,G07077
179239735,79.7441,-67.2633,12.21,G07077
179243145,79.6621,-68.0423,12.38,G07077
179441174,80.0575,-66.0734,10.25,G07036;G07077
198076947,63.7942,-58.1885,11.98,G07077
198079204,64.1578,-59.3218,12.46,G07077
220392861,68.4869,-57.5819,11.58,G07077
220394928,68.5426,-58.2644,11.63,G07077
220395550,68.782,-58.9346,11.8,G07077
220397755,68.9397,-57.3877,11.6,G07077
220398365,69.0555,-59.6125,12.07,G07077
220404695,69.8804,-59.5892,11.84,G07077
220408527,70.4935,-58.3835,11.25,G07077
220418843,71.7073,-58.0504,12.37,G07077
220421836,72.0172,-59.2376,11.53,G07077
220421994,72.0967,-58.688,10.93,G07036;G07077
220424523,72.3346,-57.7431,11.64,G07077
220424566,72.3313,-57.8765,11.64,G07077
220424793,72.3914,-58.7669,11.88,G07077
220425731,72.4498,-57.7193,12.07,G07077
220427787,72.7699,-57.0568,12.04,G07077
220428148,72.7476,-58.2582,11.76,G07077
220428962,72.9247,-58.7909,11.55,G07077
220429019,72.8975,-58.6023,12.16,G07077
220429111,72.9915,-58.2863,12.36,G07077
220431884,73.106,-59.0686,12.11,G07077
220432232,73.3324,-59.6975,12.44,G07077
220432508,73.4396,-58.767,12.41,G07077
220432770,73.2673,-57.888,12.26,G07077
220436537,73.6926,-57.4084,12.09,G07077
220438663,73.9422,-57.4391,11.77,G07077
220474892,75.4076,-57.2798,12.09,G07077
220480788,76.1091,-57.5277,12.35,G07077
220481009,76.0735,-58.3227,11.88,G07077
220481178,76.0396,-58.8346,11.66,G07077
231073706,67.3828,-68.4894,11.62,G07077
231073771,67.5663,-68.3674,12.16,G07077
231074323,67.589,-67.2476,12.25,G07077
231083064,68.3296,-68.1502,12.32,G07077
231090149,69.1083,-66.0793,11.36,G07077
231090465,69.0233,-66.6369,12.12,G07077
231090784,68.9401,-67.1143,12.04,G07036;G07077
231091343,69.0777,-67.9798,11.28,G07077
231099300,69.3037,-66.2084,11.96,G07077
237924398,57.5324,-63.7102,11.45,G07077
237926635,57.7952,-63.9871,11.0,G07077
237927442,58.0738,-64.8843,11.62,G07077
237930237,58.3626,-65.249,11.8,G07077;G07096
237937269,59.6124,-65.4915,11.7,G07077
25079689,60.8585,-68.3516,11.15,G07036;G07077
25081845,61.1251,-68.1033,12.2,G07077
25131760,62.2029,-66.7398,11.34,G07077
25134054,62.5154,-68.361,11.2,G07077
25154170,62.8963,-66.6994,12.46,G07077
25195446,63.8134,-68.1669,11.75,G07077
25195455,63.7612,-68.2,10.8,G07036;G07077
257720786,78.3467,-58.7269,11.86,G07077
276793771,83.4053,-67.4337,12.65,G07077
276859959,83.2941,-66.9408,10.74,G07077
277102290,83.892,-66.1873,12.51,G07077
277104071,84.208,-66.8604,12.37,G07077
277105061,84.1579,-67.4417,11.47,G07077
279950922,82.0493,-66.7678,12.24,G07077
293162397,62.7066,-59.4328,12.08,G07077
294670004,70.851,-68.4209,12.3,G07077
294781275,71.2678,-68.5593,12.0,G07077
294871587,71.5697,-67.7343,12.23,G07077
294983338,72.4621,-66.1542,12.26,G07077
294985756,72.6143,-67.9905,11.64,G07077
29781832,64.9991,-66.3541,11.9,G07077;G07096
29986808,72.9127,-68.2702,10.43,G07077
29987668,72.7034,-67.7227,12.18,G07077
29989691,72.7942,-65.9753,9.84,G07036;G07077
29991612,73.2717,-67.3307,11.94,G07077
30112625,73.8212,-66.8992,11.39,G07077
30318046,74.379,-68.6343,11.7,G07077
30464053,74.616,-68.4808,12.21,G07077
30466384,74.5228,-67.6957,11.34,G07077
30473652,75.0267,-67.7654,12.43,G07077
30643227,75.0993,-66.9522,11.24,G07077
30853990,75.7944,-66.3579,10.89,G07036;G07077
30933258,76.2128,-68.0923,12.28,G07077
309619055,78.9015,-64.4736,12.28,G07071;G07077
309655017,79.1313,-65.7287,12.03,G07077
309659553,79.5182,-61.7671,11.16,G07077
309698470,79.4765,-62.2877,12.0,G07077
309790097,80.1242,-64.0073,10.25,G07036;G07077
309792137,80.0335,-60.5287,11.65,G07077
319257744,59.9486,-65.1805,10.91,G07077
32032672,56.0221,-68.5124,11.43,G07036;G07077;G07096;G07096
32050155,57.0176,-67.7312,12.23,G07077
32092043,58.9352,-67.8676,11.64,G07077
358253803,61.9941,-59.0055,12.13,G07077
358458856,78.0045,-58.5497,12.07,G07077
358709777,72.4554,-64.2989,11.73,G07077
358709960,72.3484,-63.8909,11.69,G07077
358710822,72.4007,-61.7385,12.01,G07077
358806653,72.324,-60.3988,12.34,G07077
364265913,62.9196,-58.4072,12.04,G07077
364301761,78.1364,-60.7213,12.08,G07077
370011250,60.674,-67.0912,12.52,G07077
370040437,65.8092,-67.372,11.81,G07077
370040438,65.7999,-67.3716,11.71,G07077
370105425,69.8689,-67.9531,11.59,G07077
372816361,66.9576,-59.3148,11.78,G07077
373596273,80.925,-65.9136,11.89,G07077
373597702,81.2168,-66.3082,11.98,G07077
373848724,81.7393,-66.6838,11.74,G07077
381924673,76.3336,-58.3013,12.28,G07077
381925063,76.2091,-57.0149,12.3,G07077
381949094,76.4298,-57.3964,12.03,G07077
381975209,77.0757,-57.0887,12.14,G07077
381976246,77.5058,-59.7,11.53,G07077
381976810,77.4473,-57.9926,12.01,G07077
381977027,77.5468,-57.379,12.3,G07077
382030496,78.6926,-57.0167,11.38,G07077
382032579,78.838,-56.476,11.99,G07077
382032987,78.9329,-57.7118,9.95,G07036;G07077
382042321,79.0958,-57.865,11.47,G07036;G07077
382042374,79.1968,-57.7018,11.48,G07036;G07077
382042754,79.2302,-56.5818,11.15,G07077
382045620,79.2647,-58.7278,11.37,G07036;G07077
382066228,79.4657,-58.3558,11.59,G07077
382069622,79.7363,-58.5641,12.18,G07077
38423974,60.5537,-63.3768,11.72,G07077
38458393,60.9969,-65.5008,12.12,G07077
38462140,61.3734,-65.0344,12.39,G07077
38469159,61.9634,-65.9063,11.94,G07077
38469694,61.9707,-64.1465,11.61,G07077
38507943,62.1238,-62.3641,11.46,G07077
38507963,62.1697,-62.4121,11.45,G07036;G07077;G07096
38507980,62.0802,-62.4747,12.14,G07077
38508639,62.2511,-64.6605,10.79,G07036;G07077
38515255,62.6153,-62.1788,10.62,G07036;G07077
38584681,63.8095,-63.1008,11.93,G07077
38585160,63.9762,-61.6765,12.09,G07077
38602626,64.4669,-62.8428,12.46,G07077
38603487,64.2702,-61.6761,12.32,G07077
38605815,64.5613,-61.4096,12.47,G07077
38606529,64.5262,-62.3676,11.65,G07077
38608863,64.6075,-65.3556,11.1,G07036;G07077
38631817,64.9213,-63.9607,11.79,G07077
38633112,64.8231,-59.9658,10.35,G07077
38634770,65.0504,-64.8316,10.97,G07036;G07077
38635270,65.2488,-65.6737,11.6,G07036;G07077
38679045,65.3356,-61.5604,11.78,G07077
38679209,65.2338,-61.0103,12.35,G07077
38683223,65.7573,-61.3204,10.81,G07077
38813085,67.7747,-62.5431,11.79,G07077
38813176,67.7993,-62.2783,12.24,G07077
38824192,67.9085,-64.0801,12.28,G07077
38824938,67.9195,-65.9287,12.07,G07077
38826578,68.2976,-61.912,12.15,G07077
38842265,68.5976,-65.0562,11.34,G07077
38843430,68.6934,-63.9535,11.41,G07077
38877461,69.2342,-63.017,10.75,G07036;G07077
38907321,69.3686,-64.1018,11.45,G07036;G07077
38908752,69.7207,-64.7102,9.94,G07036;G07077
38909361,69.7764,-63.1792,10.58,G07036;G07077
38909487,69.7796,-62.8732,12.13,G07036;G07077
38909490,69.6723,-62.8556,10.85,G07036;G07077
38909532,69.7231,-62.7602,11.15,G07036;G07077
38939497,69.6311,-60.766,11.43,G07036;G07077
38944073,70.1071,-62.5359,12.48,G07077
38954528,70.1995,-60.6204,11.53,G07077
391744055,82.8171,-66.2923,10.65,G07036;G07077
391744286,82.5542,-66.4091,11.99,G07077
391744596,82.5485,-66.5666,11.27,G07077
396694704,65.1846,-59.9176,11.37,G07036;G07077
396722918,65.9979,-57.5221,12.17,G07077
40600964,77.6641,-66.3447,12.19,G07077
40602710,78.0081,-66.5828,10.8,G07077
55270430,76.3614,-62.3648,11.99,G07077
55270688,76.2959,-61.6449,12.3,G07077
55270702,76.2812,-61.61,11.92,G07077
55271734,76.5083,-61.1591,11.95,G07077
55272182,76.5445,-62.3071,12.04,G07077
55273215,76.4098,-64.2526,10.74,G07077
55273436,76.4711,-64.5469,11.66,G07077
55295497,76.7125,-61.1357,10.7,G07077
55296811,77.0023,-60.8019,11.9,G07036;G07077
55296864,76.9765,-60.8799,12.28,G07077
55364939,77.1187,-65.815,11.44,G07077
55369751,77.5339,-62.9072,11.98,G07077
55387510,77.7684,-64.809,12.38,G07077
55399354,70.4872,-64.9017,12.12,G07077
55449970,70.4821,-60.9719,10.82,G07077
55476774,71.2606,-60.4181,11.36,G07077
55478372,71.1146,-64.1892,11.86,G07077
55478825,71.1982,-65.2296,10.49,G07077
55501614,71.9752,-60.5896,11.6,G07077
55523390,72.0792,-61.9824,11.36,G07036;G07077
55523582,72.1109,-62.4681,12.18,G07077
55523840,72.0923,-63.1727,11.41,G07036;G07077
55524055,72.0537,-63.6953,11.84,G07036;G07071;G07077
55525637,72.649,-61.0935,11.1,G07077
55527590,72.6005,-65.528,12.31,G07077
55605417,73.5912,-62.9118,11.86,G07077
55651325,73.8441,-60.7365,11.33,G07077
55651898,73.9728,-60.7116,11.6,G07077
55659416,74.0357,-64.6713,12.04,G07077
55660579,74.2802,-65.8565,11.3,G07036;G07077
55661674,74.3064,-64.6471,11.58,G07077
55741023,74.4489,-63.2206,11.55,G07077
55741235,74.5573,-63.6436,10.64,G07036;G07077
55746096,74.7543,-61.3801,12.18,G07077
55746549,74.6912,-60.2321,11.94,G07077
55746843,75.0739,-60.4027,11.36,G07077
55755863,75.0518,-63.8249,12.26,G07077
55760020,75.3088,-63.584,12.24,G07077
55784567,75.5304,-65.891,9.63,G07077;G07031
55850403,75.9844,-61.5086,10.89,G07077
55851108,76.0454,-63.0407,11.93,G07077
55853438,75.9019,-65.698,11.49,G07077
140575980,67.5734,-72.6385,12.04,G07077
140577672,68.0218,-74.1224,11.9,G07077
140579608,68.4507,-75.9303,11.99,G07077
140581045,68.2882,-72.9531,10.98,G07077
140608456,71.4817,-76.2772,11.06,G07077
140631050,71.6362,-72.6333,11.19,G07077
140658349,72.1066,-73.9897,11.97,G07077
140659331,72.3485,-72.9808,12.01,G07077
140662124,72.7625,-72.9868,12.19,G07077
140663057,72.519,-73.9176,10.29,G07077
140686839,72.9769,-77.5442,11.38,G07077
140687149,72.9191,-76.5247,12.27,G07077
140689038,73.1302,-73.5322,12.12,G07077
140691308,73.8845,-77.2168,11.95,G07077
140691930,74.0337,-75.5199,11.96,G07077
140758831,74.2828,-73.1643,11.05,G07077
140759141,74.4635,-73.4502,11.41,G07077
140761251,74.074,-76.5356,11.88,G07077
140761409,74.4057,-76.9871,12.1,G07077
140761549,74.0917,-77.3959,11.6,G07077
140761609,74.2534,-77.596,11.56,G07077
140802930,75.1938,-73.4411,12.15,G07077
140803912,74.8941,-74.4885,12.4,G07077
140827974,75.4089,-75.683,12.01,G07077
140856686,75.6916,-75.649,12.32,G07077
140857926,76.2924,-76.9495,12.36,G07077
140861025,76.3207,-72.9453,12.09,G07077
140861196,76.1892,-72.7865,12.23,G07077
140889144,76.2125,-72.4803,12.01,G07077
140892243,76.4408,-72.5917,11.37,G07077
140892373,76.7408,-72.6396,10.25,G07036;G07077
140900277,77.0089,-75.8786,12.03,G07077
140943185,77.5598,-72.9166,10.99,G07036;G07077
140945307,77.4796,-74.9499,12.12,G07077
140968408,77.9175,-76.4784,12.16,G07077
140995815,78.2958,-73.4968,12.2,G07077
140996334,78.111,-74.0208,12.36,G07077
140996629,78.1724,-74.3468,12.24,G07077
140996654,78.0248,-74.3687,12.3,G07077
140999455,78.5509,-75.4717,12.2,G07077
141000500,78.5842,-74.1706,12.43,G07077
141000738,78.6888,-73.8887,11.47,G07077
141001456,78.6663,-73.2058,11.88,G07077
141001699,78.7303,-73.0006,11.55,G07077
141026267,78.8073,-73.0142,11.02,G07036;G07077
141089304,79.5373,-74.0158,12.23,G07077
141095913,79.7505,-74.7127,12.23,G07036;G07077
141096635,79.7785,-75.6373,9.97,G07036;G07077
141123049,80.2951,-74.4606,11.18,G07077
141151755,80.7453,-73.5916,12.11,G07077
141182734,81.3305,-72.39,10.97,G07077
141214102,82.177,-71.9917,11.35,G07077
141214653,82.061,-72.3242,12.26,G07077
141268280,82.5332,-76.931,11.86,G07077
141268301,82.6575,-76.8144,11.38,G07077
141270407,82.6433,-72.973,10.88,G07077
141279552,82.7974,-74.7071,11.92,G07077
141283010,83.5035,-73.026,11.34,G07077
141334144,83.8668,-76.2097,12.44,G07077
141411009,84.2351,-73.4772,10.75,G07077
141413310,84.2382,-76.7321,11.6,G07077
141471781,86.2963,-73.9229,11.92,G07077
141472622,86.2758,-75.0152,11.89,G07077
141479190,86.8491,-76.4509,11.58,G07077
141479547,86.7784,-75.6741,12.35,G07077
141480434,86.931,-74.4719,11.24,G07036;G07077
141480778,86.8065,-74.0737,12.15,G07077
141485371,87.3233,-74.0897,12.35,G07077
141526178,87.3068,-75.7679,11.45,G07077
141527965,87.7152,-75.6883,11.55,G07036;G07077
141528003,87.5319,-75.6222,11.07,G07077
141528052,87.5819,-75.5204,12.25,G07077
141530748,87.5748,-72.3673,11.91,G07077
141532250,88.0414,-72.756,10.52,G07036;G07077
141545060,88.2995,-76.4223,11.71,G07077
141547045,88.2456,-73.5913,12.24,G07077
141547979,88.5854,-72.7039,11.82,G07077
141608887,88.9699,-74.6775,11.62,G07077
141610403,88.9025,-77.6401,12.28,G07077
141610546,89.1435,-77.8025,12.18,G07077
141610601,89.2665,-77.6617,12.29,G07077
141610623,89.2474,-77.6051,12.15,G07077
141621340,89.2918,-74.0471,12.41,G07077
141627870,89.7431,-77.7859,12.42,G07077
141681610,89.8296,-73.8594,12.2,G07077
141682021,89.7946,-73.4505,12.16,G07077
141682873,89.823,-72.6562,12.26,G07077
141683401,90.1136,-72.1873,11.75,G07077
141684337,90.1807,-72.4899,12.05,G07077
141713989,91.1116,-72.6691,12.19,G07077
141714191,91.2355,-72.8528,11.9,G07077
141754709,91.2041,-77.8316,12.07,G07077
141755422,91.7034,-76.379,12.16,G07077
141755459,91.4787,-76.3082,12.51,G07077
141756128,91.473,-75.0736,12.25,G07077
141757441,91.6214,-73.4914,11.49,G07077
141757931,91.4314,-73.0129,11.75,G07077
141769277,91.8343,-74.8941,12.37,G07077
141769702,91.8202,-75.6129,12.31,G07077
141769961,92.0104,-76.169,11.44,G07077
141770609,91.9868,-77.688,10.9,G07036;G07077
141770810,92.4596,-77.6947,11.48,G07077
141810059,92.5526,-74.7209,11.73,G07077
141871735,94.1127,-74.7652,12.1,G07077
141910298,94.1645,-77.9153,12.15,G07077
141911751,94.5265,-74.9287,12.12,G07077
141941710,95.0366,-75.7624,11.42,G07036;G07077;G07096
142017690,97.0769,-76.3626,11.54,G07077
142085491,98.4031,-77.4229,10.29,G07036;G07077
142085513,98.1528,-77.4785,12.3,G07077
142085822,98.4688,-77.7367,12.32,G07077
142146773,100.0939,-77.7389,12.53,G07077
176876104,100.8984,-77.6768,12.11,G07077
176876182,101.1452,-77.8433,11.86,G07077
179120633,78.979,-70.5007,11.08,G07077
179372935,80.0396,-70.4862,11.83,G07077
179381410,79.9228,-69.344,11.85,G07077
179383005,80.0546,-69.1521,12.0,G07077
179512164,80.2117,-69.8018,11.85,G07077
179574131,80.3501,-71.6066,11.97,G07077
231095496,69.1521,-70.8146,11.81,G07077
231738956,67.0076,-73.7819,11.84,G07077
231740109,67.1418,-76.8722,10.8,G07077
231740204,67.3463,-77.2172,12.37,G07077
231792014,78.1779,-69.2969,10.4,G07077
231801171,78.1276,-70.9447,10.75,G07077
231802287,78.3501,-71.4205,11.96,G07077
238188180,55.4848,-75.1658,11.78,G07077
238193169,56.0552,-72.3367,12.26,G07077
238193885,56.7669,-73.5092,11.13,G07036;G07077
238198984,57.228,-76.5687,12.38,G07077
238199780,57.8979,-76.7903,11.54,G07077
238202466,58.2267,-74.3994,11.08,G07036;G07077
238225894,58.6601,-73.9259,11.25,G07036;G07077
238227230,59.0001,-73.4168,11.3,G07077
238230337,59.2513,-73.2432,12.07,G07077
25155510,63.3752,-69.8851,11.3,G07036;G07077
25155998,63.2374,-71.5919,11.11,G07077
260951941,74.1688,-78.1027,11.61,G07077
261155033,86.5882,-79.1599,12.11,G07077
261155038,86.6519,-79.17,11.42,G07077
261157012,87.0752,-78.0414,11.8,G07077
261205230,87.4178,-78.8157,12.25,G07077
261328740,91.4209,-79.3867,11.27,G07077
261375251,92.5695,-78.2344,11.35,G07077
261380314,94.2615,-78.0778,11.95,G07077
261396795,93.8442,-78.3252,12.61,G07077
261417524,95.0632,-78.3881,11.87,G07077
269728501,56.771,-79.3342,11.58,G07077
269792842,67.5433,-78.3129,11.76,G07077
269797291,68.9605,-78.2561,12.18,G07077
269797470,68.6802,-78.6998,11.74,G07077
270474315,97.3596,-78.0156,11.44,G07077
276789095,83.3386,-69.1098,11.56,G07077
276869906,83.5683,-69.2197,10.46,G07036;G07077
277017360,83.979,-70.5724,12.57,G07077
277021698,83.7416,-69.8889,11.56,G07077
277978391,103.1502,-78.0909,12.34,G07077
280049327,82.0725,-71.7731,10.19,G07077
280865000,101.0664,-77.9805,12.44,G07077
280868316,101.6091,-79.1357,11.79,G07077
280910860,102.2353,-78.9699,10.58,G07077
293464976,49.3731,-80.3721,12.52,G07077
294626418,70.3569,-70.6911,10.56,G07036;G07077
294747892,70.7789,-71.231,11.77,G07077
294782806,71.2799,-69.6802,12.12,G07077
294784450,71.4035,-70.9451,12.18,G07077
294786276,71.5341,-71.236,11.66,G07077
294928018,72.3671,-70.6058,11.31,G07077
294929171,72.326,-69.9448,12.05,G07077
295071954,72.6344,-70.2296,12.04,G07077
295072161,72.6795,-70.355,10.04,G07036;G07077
29761349,64.4306,-69.6618,12.12,G07077
29779700,64.9149,-70.7598,11.99,G07077
29780056,64.7666,-71.8729,11.7,G07077
29925675,72.8818,-70.9295,12.28,G07077
29926262,72.7585,-70.4903,12.47,G07077
299833889,60.0273,-74.4472,9.35,G07036;G07077
30193568,73.8503,-70.9695,12.08,G07077
30322012,74.2772,-69.7211,11.89,G07077
30404953,74.5923,-69.8036,11.62,G07077
31381636,88.2921,-71.8575,11.72,G07077
31383402,88.7219,-70.6598,12.16,G07077
314826736,52.1998,-73.9681,12.26,G07077
314887898,50.8068,-78.7923,12.46,G07077
314888218,50.7864,-79.7448,12.19,G07077
31506338,88.9869,-71.8067,11.87,G07077
31506617,89.2838,-71.7695,12.4,G07077
31533348,89.4186,-71.9522,11.26,G07077
31533454,89.6996,-71.8607,11.34,G07036;G07077
31533553,89.9545,-71.7283,12.07,G07077
31926545,53.8474,-70.9512,12.04,G07077
32035475,56.8696,-71.444,12.28,G07077
32035660,56.6965,-70.7654,11.67,G07077
32089528,58.3325,-71.7071,11.44,G07077
33715210,60.8374,-72.336,10.2,G07036;G07077;G07096
33715295,60.9514,-72.6047,12.25,G07077
33735178,62.2584,-76.2119,10.27,G07036;G07077
33735734,62.1729,-74.7813,11.53,G07077
33768087,62.3877,-77.5086,12.06,G07077
33831261,63.4682,-74.0996,11.56,G07077
33832107,63.1811,-76.5019,11.36,G07036;G07077
33833498,63.5043,-75.2257,11.97,G07036;G07077
33833790,63.6019,-74.4883,11.5,G07077
33836850,64.1627,-76.7988,12.31,G07077
33840951,64.8563,-75.2497,11.46,G07036;G07077
33862296,65.1918,-77.7419,11.26,G07077
33863199,65.3389,-75.2337,12.23,G07077
33864492,65.203,-72.3637,11.94,G07077
33876815,65.5542,-77.2019,12.55,G07077
33877401,65.8974,-76.7206,10.65,G07036;G07077;G07096;G07096
33878834,65.9005,-73.0107,12.19,G07077
33879312,65.9526,-72.099,11.99,G07077
33879345,66.0135,-72.0173,11.3,G07077
33880242,66.4617,-73.7043,11.44,G07077
350155524,54.0458,-78.2492,12.29,G07077
358109747,51.5447,-73.9754,12.42,G07077
358112861,69.9561,-75.7974,12.0,G07077
358155153,70.1737,-74.6422,12.22,G07077
358155683,70.505,-73.79,11.79,G07077
358182732,55.8292,-78.7491,11.93,G07077
358501173,61.0467,-79.1844,12.19,G07077
364537662,71.2958,-77.0926,11.9,G07077
364539058,71.2053,-73.3124,12.04,G07077
364541469,85.1696,-72.7149,11.88,G07077
364591159,85.9234,-74.059,12.19,G07077
370220727,73.648,-74.5037,11.71,G07077
370247081,55.3313,-78.09,12.22,G07077
370326670,63.9764,-78.419,12.22,G07077
373682908,81.0986,-69.9764,11.93,G07077
373775710,81.4693,-69.7688,11.98,G07077
373920524,81.8173,-69.2706,12.3,G07077
373921198,81.8719,-69.3679,9.84,G07077
388131593,65.3477,-71.2844,9.5,G07036;G07077
388179507,52.0961,-74.1352,12.31,G07077
388200018,62.5188,-77.9402,12.14,G07077
389441413,85.9976,-70.2671,11.25,G07077
389562850,86.3722,-68.4569,11.45,G07077
389621419,86.4658,-70.8403,11.98,G07077
389667572,86.7648,-70.1593,12.36,G07071;G07077
389750430,87.2425,-70.2034,11.94,G07077
389800935,87.5212,-70.0397,11.76,G07077
389924946,87.6241,-71.344,11.93,G07077
391814467,82.712,-69.3668,11.96,G07077
391889973,82.6489,-71.8745,11.2,G07077
40185307,76.956,-70.6264,11.43,G07077
404975352,85.3497,-71.7466,12.21,G07077
407621706,70.8274,-76.7505,10.46,G07036;G07077
407622849,70.9548,-73.3634,11.93,G07077
40803714,78.5561,-70.8368,11.95,G07077
40890363,78.6843,-71.4356,11.72,G07077
40893888,78.675,-70.3118,11.21,G07077
425068758,82.8857,-69.2222,12.49,G07077
431479397,49.6367,-77.5703,11.69,G07077
675951296,76.0987,-71.4028,12.98,G07077
