TICID,RA,Dec,Tmag,Keywords
10000257911,25.777,-25.3348,14.27,
10000258682,28.9715,-28.0073,13.45,
10000258831,29.6361,-26.2937,12.81,
10000319786,40.1622,-21.0023,14.02,
10000336506,33.2644,-26.4873,14.85,
10000420340,36.3681,-25.6379,13.05,
10000420342,36.2683,-24.7882,11.98,
10000443910,27.2338,-23.7982,12.01,
10002564033,28.4403,-23.7578,12.36,
10002569401,32.3253,-23.4151,12.11,
10002583574,35.4714,-20.8232,12.11,
10005000091,35.769,-21.2339,10.0,
120896927,36.8676,-27.6368,8.32,G09031;G09123;20SECONDTARGET
120916286,37.1159,-27.9618,13.38,
120916294,37.1821,-27.9313,14.23,
139472130,35.8099,-29.87,7.01,G09062;20SECONDTARGET
139482969,35.8473,-26.9958,5.87,
139483877,35.8727,-26.4892,16.23,G09102;20SECONDTARGET
139523834,36.2161,-25.4468,16.75,
139523946,36.1508,-26.281,15.98,G09102;20SECONDTARGET
139524033,36.1366,-26.829,16.5,
139525894,36.418,-26.9593,13.47,
164772507,26.8415,-21.9478,15.23,G09102;G09166;20SECONDTARGET
257482141,30.3987,-16.1672,9.46,
257483561,30.5453,-16.5676,9.25,
257505425,31.3515,-17.8912,15.66,G09102;G09166;20SECONDTARGET
266680031,28.1291,-19.2177,13.93,
266680498,28.2107,-19.5077,6.98,G09062;G09123;20SECONDTARGET
266746662,29.4549,-21.9019,7.44,
266748633,29.7279,-21.1322,6.82,G09062;20SECONDTARGET
266783926,30.0023,-21.078,2.39,
266816160,30.9083,-23.1718,11.53,
268752025,31.718,-19.1391,5.43,
268752640,31.6895,-23.2715,15.72,G09102;G09166;20SECONDTARGET
268765554,31.7837,-18.1696,12.55,G09123;20SECONDTARGET
268766053,31.9091,-20.6618,11.76,G09058;G09114;G09031;20SECONDTARGET
268785954,32.8844,-18.9769,5.8,
268804144,33.2546,-20.9998,5.0,
268855656,33.589,-22.9136,16.87,G09102;20SECONDTARGET
268857820,33.7289,-20.195,16.82,
268860033,33.9978,-20.4806,19.57,
268860764,34.1712,-23.1693,10.4,G09123;20SECONDTARGET
273881029,35.3073,-19.9154,5.68,
279342801,35.5829,-23.4156,12.21,G09102;20SECONDTARGET
279342892,35.6371,-23.8168,4.6,G09062;20SECONDTARGET
279343302,35.6243,-21.2582,9.73,
279368535,35.7411,-18.356,5.38,
279370312,35.8482,-23.3088,11.53,G09123;20SECONDTARGET
33490778,25.953,-24.0865,11.95,G09102;20SECONDTARGET
33492996,26.4129,-25.053,4.98,G09062;20SECONDTARGET
33526741,27.1933,-26.4393,16.89,
33526769,27.1842,-26.6039,12.03,
33526883,27.2063,-27.1599,15.51,
33576915,28.0567,-27.7558,8.07,G09194;G09062;20SECONDTARGET
33625968,29.3218,-25.2304,11.88,
33650062,29.811,-27.7991,16.78,
33664845,30.0391,-26.4948,14.96,
423750384,29.8227,-17.7791,12.36,G09180;20SECONDTARGET
423761655,30.0551,-17.4791,12.21,G09102;20SECONDTARGET
469974958,32.4138,-18.1739,13.36,G09102;20SECONDTARGET
632198576,27.1648,-26.7589,18.5,
632203567,27.9988,-25.0545,17.11,G09016;G09102;G09166;20SECONDTARGET
632349747,34.1118,-28.0587,19.24,
632357594,31.7164,-27.605,16.9,G09102;20SECONDTARGET
632365558,37.4534,-25.8333,20.08,
632378733,36.083,-23.3879,17.05,G09102;20SECONDTARGET
632381426,31.0558,-26.2637,20.15,
632405246,35.5457,-21.1203,18.18,
632418386,37.9137,-22.3059,16.98,G09102;G09166;20SECONDTARGET
632426123,36.495,-21.4259,18.69,
632429779,38.1131,-20.4788,18.16,
632453643,28.4505,-23.1114,20.24,
63958035,36.6474,-20.0419,4.86,
63958930,36.7926,-22.0608,13.71,
63974991,36.8744,-19.1293,10.76,
64008164,37.1742,-19.7989,7.54,G09062;20SECONDTARGET
64008346,37.2149,-18.619,7.55,G09062;20SECONDTARGET
64053674,38.4173,-20.0025,5.27,
64072675,39.2088,-20.1222,5.89,
64105644,39.4351,-22.9916,5.86,
64112207,40.3328,-20.4327,15.0,
65324009,38.8399,-24.0176,15.1,G09102;20SECONDTARGET
72582987,30.9629,-25.723,19.65,
72644343,32.4742,-28.9851,17.15,
72689806,33.4864,-28.1734,15.45,G09102;G09166;20SECONDTARGET
72690598,33.6877,-26.3841,18.48,
72730362,34.4558,-29.4398,15.46,
72748794,34.742,-25.9424,5.65,
72763826,35.1489,-25.6731,15.98,
10000026577,42.4187,-12.2539,15.94,
10000045530,38.6078,-14.2715,13.05,
10000045584,38.9357,-13.6548,12.72,
10000194002,34.1348,-11.3486,12.36,
10000194697,36.4611,-11.1908,13.02,
10000194827,37.0191,-10.1833,15.2,
10000194880,37.1555,-10.5392,12.08,
10000194881,37.1716,-10.6878,13.1,
10000201608,37.606,-10.7488,17.3,
10000201610,37.5293,-10.4568,14.18,
10000201844,38.3161,-11.7451,14.48,
10000201857,38.2643,-10.76,12.94,
10000201933,38.5297,-11.0406,13.69,
10000201958,38.7018,-7.6834,13.5,
10000201981,38.6021,-10.8437,12.98,
10000202033,38.8833,-7.1602,13.2,
10000202218,39.412,-11.0056,13.09,
10000202276,39.6363,-6.6774,11.26,
10000202361,39.8746,-8.1392,11.47,
10000202427,40.1367,-8.1475,12.73,
10000202430,40.0999,-8.4336,12.04,
10000202431,40.067,-8.777,13.41,
10000202451,40.1213,-11.2775,11.59,
10000202491,40.27,-8.2558,10.22,
10000202493,40.2086,-7.9758,15.02,
10000267056,40.7031,-8.399,14.15,
10000267451,42.0684,-8.9301,13.48,
10000267531,42.2899,-8.1265,16.52,
10000267762,43.1758,-8.8044,13.57,
10000267859,43.5627,-8.4801,13.4,
10001568872,43.6398,-10.0285,12.32,
10002304755,32.3525,-10.1359,11.7,
10002304833,32.5732,-10.321,13.23,
10002329627,32.9228,-9.3045,12.8,
10002329649,34.7715,-6.7909,11.59,
10002334997,35.1263,-6.579,14.37,
10002414565,34.8859,-16.0697,13.08,
10002547877,39.5584,-15.809,13.11,
10002548282,40.8719,-14.7544,12.42,
10005000353,41.4997,-7.5786,10.68,
1031299,33.996,-9.4869,10.22,G09123;20SECONDTARGET
1031383,34.0681,-9.8215,6.34,G09062;20SECONDTARGET
1031421,34.0713,-9.9204,16.05,G09102;20SECONDTARGET
1034389,34.2467,-6.4229,4.69,
1045837,34.5695,-6.7928,16.94,
1122511,36.6667,-6.9862,8.1,
1129033,37.1558,-7.0607,9.63,G09194;G09114;20SECONDTARGET
1129777,37.1941,-11.347,6.64,G09062;20SECONDTARGET
257484148,30.7442,-15.3059,5.05,
257484757,30.7677,-12.4847,14.52,G09166;20SECONDTARGET
257506060,31.4543,-13.6411,16.21,G09102;20SECONDTARGET
289721074,36.3322,-14.5701,15.63,
289730802,36.4621,-14.5431,12.52,G09004;20SECONDTARGET
289731220,36.4874,-12.2905,4.88,
289731700,36.5011,-15.3417,5.79,
289732276,36.6253,-16.737,8.82,
290168477,31.6429,-14.4646,7.48,G09062;20SECONDTARGET
29960110,42.2482,-14.5371,10.95,G09031;G09123;20SECONDTARGET
30016911,43.1369,-12.7711,5.28,
325682504,36.9718,-13.3162,10.18,
326242565,41.2783,-18.5723,4.03,G09062;G09157;20SECONDTARGET
332822190,33.9059,-5.4559,9.07,
332954242,35.4223,-5.5368,15.86,
35120010,35.5761,-13.1848,11.4,
36729009,40.3719,-7.3446,17.05,
36729631,40.454,-7.9475,14.38,
36756798,40.679,-11.7794,17.31,G09041;G09102;G09166;20SECONDTARGET
36758306,40.9817,-7.913,5.57,
36758550,40.9918,-9.2401,19.94,
36831326,42.3337,-10.5509,7.48,G09062;20SECONDTARGET
36831336,42.2599,-10.4897,10.61,
36831714,42.2901,-8.4709,16.45,
36875355,43.0591,-8.2672,3.77,
36876435,43.1588,-9.2318,11.5,
36883090,43.375,-8.9936,16.72,
36915978,43.839,-10.8189,17.04,
382391899,43.6881,-10.898,11.05,G09058;G09114;20SECONDTARGET
382393070,44.1075,-8.8998,2.91,
398733009,32.1698,-9.0461,15.61,
398734794,32.4298,-10.1666,14.84,
406449790,32.8976,-11.8932,13.09,
406451090,34.789,-7.7634,14.06,
408118455,32.8476,-9.9939,11.33,
408118468,32.8424,-10.0534,5.6,G09062;20SECONDTARGET
408130113,35.5075,-10.7781,5.09,G09062;20SECONDTARGET
423439146,34.665,-10.0684,10.57,
425077204,41.2601,-17.2056,15.67,G09102;G09166;20SECONDTARGET
425079955,41.4724,-12.706,15.18,G09102;G09166;20SECONDTARGET
441130460,40.0627,-12.4847,18.11,
441133778,40.3921,-14.549,5.56,G09062;20SECONDTARGET
441133885,40.3812,-13.7595,15.69,
441152101,40.8488,-14.6669,16.31,G09102;20SECONDTARGET
441152806,41.0305,-13.8589,4.38,
4621320,37.6361,-8.2444,16.06,
4627231,37.6808,-11.1181,16.5,
4646810,38.2707,-10.3525,8.87,G09031;G09123;20SECONDTARGET
4671860,38.4553,-7.2605,15.04,G09102;20SECONDTARGET
4672751,38.574,-11.8853,18.83,
4672985,38.4708,-10.6575,10.99,G09079;G09036;G09039;G09123;20SECONDTARGET
4698361,38.7338,-6.1536,16.44,G09102;20SECONDTARGET
471013823,35.0563,-8.1291,17.02,
4716763,39.1785,-8.8579,12.89,G09102;20SECONDTARGET
4742248,39.787,-9.8314,5.77,
4746245,39.8921,-11.8739,4.29,G09062;20SECONDTARGET
4748040,40.0507,-9.4535,5.3,G09062;20SECONDTARGET
4824971,40.2677,-6.9293,12.38,
630168593,34.4757,-8.8512,19.49,
630169168,33.909,-8.5219,19.24,
630188017,35.9995,-5.3626,15.96,G09102;20SECONDTARGET
632443212,38.4998,-18.1979,12.46,
632446380,38.1025,-16.9777,16.76,G09102;G09166;20SECONDTARGET
632539794,38.0027,-13.3243,18.55,
632543879,37.0977,-13.791,17.04,G09102;G09166;20SECONDTARGET
632591887,37.2863,-11.0335,18.63,
632597837,37.9492,-9.1459,18.43,
632602199,34.7205,-9.2052,19.97,
632609186,39.6953,-8.0383,19.69,
632615793,38.4819,-6.3653,18.66,
651810804,40.5812,-16.9471,20.15,
651946614,40.6599,-12.4178,20.07,
651953685,43.3938,-10.5388,19.27,
651964235,42.1743,-7.8085,19.72,
651965120,40.4399,-8.4093,20.56,
651966341,40.6951,-7.5416,19.93,
651966442,40.654,-7.3325,19.34,
651967707,40.3287,-7.2747,19.27,
66555593,37.6495,-15.7242,10.79,
66572840,37.6624,-12.8983,10.04,G09020;20SECONDTARGET
66604391,38.0212,-15.2456,4.29,G09062;20SECONDTARGET
66605369,38.1582,-14.2028,15.1,G09102;20SECONDTARGET
66605740,38.1483,-11.9911,17.14,
66626624,38.5115,-12.716,14.27,G09102;20SECONDTARGET
66627050,38.4952,-15.3449,16.07,
66646623,38.9098,-14.9458,5.89,
94943641,39.3582,-12.3596,15.36,G09102;20SECONDTARGET
10000069031,28.198,-14.2725,14.04,
10000069120,28.4847,-13.8368,14.72,
10000131278,25.7787,-4.047,14.1,
10000184702,30.3399,-5.371,12.53,
10000240052,27.2933,-10.0607,12.67,
10000240053,27.2952,-10.4265,11.22,
10000240207,27.766,-9.7026,11.92,
10000240560,28.7343,-9.0109,11.83,
10000252292,23.272,-7.3114,12.47,
10000252741,24.7772,-7.5126,11.05,
10001170953,23.2163,-7.0315,10.64,
10001506201,30.2769,-6.8158,11.81,
10002351768,29.2407,-5.4029,12.71,
10002351810,31.2717,-6.5075,14.07,
10002351827,31.3586,-7.8359,14.81,
10002381184,23.1663,-12.0428,12.96,
10002381252,23.2774,-12.2088,14.57,
10787084,20.0127,-9.8843,6.24,G09062;20SECONDTARGET
10803442,20.3232,-6.1598,5.93,
10837041,20.9221,-8.7021,10.42,G09123;G09010;20SECONDTARGET
10838226,21.0053,-8.1848,2.67,
10838265,21.0119,-8.0079,6.0,
10839729,25.4373,-11.3278,5.82,G09062;20SECONDTARGET
10840061,25.42,-9.2362,17.29,
10879648,26.1821,-6.7661,5.75,G09194;20SECONDTARGET
10880669,26.3196,-10.9386,16.5,G09102;20SECONDTARGET
136842430,22.8083,-10.8963,7.39,G09062;20SECONDTARGET
212378357,27.0973,-12.3793,14.42,
212379874,27.2512,-12.8045,18.47,
241392829,24.6856,-5.7358,6.9,G09062;20SECONDTARGET
241392886,24.5018,-4.9983,12.51,G09102;G09166;20SECONDTARGET
241484680,25.1932,-2.6222,5.67,
241578958,25.6055,-2.1607,7.55,G09062;20SECONDTARGET
241807468,27.4777,-4.8597,5.17,
248949857,20.9302,-5.0961,11.96,
248983748,22.5944,-4.8013,15.09,G09102;G09166;20SECONDTARGET
248984732,22.7353,-0.6243,9.66,
248985409,22.7668,-4.2721,12.92,
24908871,27.0154,-5.9295,12.94,
24910401,27.3461,-10.7042,6.15,
24910738,27.3951,-10.6871,4.39,G09062;20SECONDTARGET
24921603,27.5661,-6.7038,6.54,G09062;20SECONDTARGET
24922044,27.6087,-9.7076,15.68,
24924016,27.8654,-10.3353,2.77,
24925021,27.9075,-6.8742,5.36,
24941798,28.7023,-6.5926,7.54,G09062;20SECONDTARGET
24978373,29.2873,-10.2442,5.68,G09062;G09123;20SECONDTARGET
24979702,29.6922,-11.3016,5.47,
24980421,29.6709,-6.4782,16.91,G09102;20SECONDTARGET
25000295,29.7164,-8.1623,14.58,
25001358,30.0541,-8.6816,10.28,G09123;20SECONDTARGET
25003158,30.4349,-10.2896,11.71,
250388764,30.3308,-5.1303,16.63,G09102;G09166;20SECONDTARGET
250417875,31.8097,-5.2217,10.01,
25062277,31.0096,-7.07,10.58,
287203814,29.1768,-6.9279,16.07,
29845542,23.4298,-7.026,5.18,G09062;20SECONDTARGET
29848688,23.697,-7.3594,17.51,
29853348,23.8087,-7.2147,10.68,G09123;20SECONDTARGET
29854433,24.0602,-11.3433,14.27,G09102;G09166;20SECONDTARGET
29901505,24.3796,-8.8901,18.7,
29901695,24.409,-9.4031,5.74,G09062;20SECONDTARGET
299099679,21.0856,-6.9146,5.52,G09062;20SECONDTARGET
299102346,21.48,-8.5046,5.65,
299121431,21.835,-11.3817,11.08,
299121497,21.8901,-10.8955,13.1,
299138035,22.2773,-6.8479,7.68,G09062;20SECONDTARGET
299178185,22.4282,-8.4,12.7,G09123;20SECONDTARGET
299178501,22.4839,-10.5661,7.49,G09062;20SECONDTARGET
29923285,24.9889,-8.7236,16.9,
35664974,23.6031,-2.754,10.79,
382340650,26.5128,-12.9797,16.67,G09102;20SECONDTARGET
38350596,24.2707,-2.1275,16.28,G09102;20SECONDTARGET
398733428,32.1326,-6.6779,5.73,
404467239,25.7044,-12.2541,15.81,G09102;20SECONDTARGET
471012332,24.7349,-9.4249,13.36,
62381958,29.133,-13.9082,12.24,
630031709,27.4313,-12.8218,18.73,
630047928,30.4958,-10.9107,16.93,G09016;G09102;G09017;G09166;20SECONDTARGET
630060429,30.2406,-8.8451,17.58,
630063233,25.4371,-11.3265,5.31,
630067747,27.0383,-10.1875,20.59,
630116701,23.3247,-6.5595,16.81,G09102;G09166;20SECONDTARGET
630123582,22.9501,-5.9834,17.7,G09016;G09102;G09017;20SECONDTARGET
630201026,30.9451,-7.0274,17.2,G09016;G09102;G09017;20SECONDTARGET
630201703,30.381,-6.6666,16.38,G09102;20SECONDTARGET
630314437,25.8485,-1.833,17.02,G09016;G09102;G09017;20SECONDTARGET
92983560,28.057,-12.206,16.67,G09016;G09102;G09017;G09166;20SECONDTARGET
92985209,28.1617,-13.5743,16.2,
93016425,28.7206,-13.6455,17.73,
10000043166,23.6049,-15.8191,13.33,
10000456099,17.5374,-16.8527,13.48,
10002534767,19.873,-20.777,14.76,
10002535385,21.8067,-21.7739,13.1,
10002552177,23.6812,-20.4639,14.08,
10002568323,15.9658,-20.6066,13.59,
10005000291,22.619,-22.6672,11.16,
10784960,15.4116,-16.2662,5.46,
11614485,20.7132,-24.665,11.62,G09123;G09123;20SECONDTARGET
11688606,22.4287,-25.6176,5.43,
164681603,24.5835,-18.246,14.75,
164681611,24.5221,-18.1986,17.26,
164681612,24.5904,-18.1976,17.2,
164681637,24.6193,-18.0384,9.24,
164681638,24.5344,-18.0355,14.61,
164681648,24.5936,-17.9649,17.4,
164681653,24.5378,-17.9145,16.39,
164681658,24.5757,-17.8926,13.66,
164681667,24.7061,-17.9874,13.9,
164681675,24.7467,-18.0322,13.5,
164681706,24.723,-18.218,12.11,
164681986,24.6351,-19.9117,15.39,G09102;20SECONDTARGET
164682222,24.7168,-21.2751,5.26,
164695201,24.8768,-18.222,15.63,
164695229,24.7942,-17.9842,13.62,
164695230,24.8477,-17.9829,14.89,
164695231,24.7921,-17.9825,13.25,G09123;20SECONDTARGET
164695245,24.8155,-17.8979,13.69,
164695255,24.9514,-17.9807,14.71,
164695259,24.9206,-17.9864,15.79,
164695280,24.9275,-18.098,17.28,
164695284,25.0064,-18.1298,15.1,
164697262,25.0308,-18.1038,15.31,
164697281,25.0531,-17.9995,17.48,
164720249,25.5665,-17.8886,6.85,G09062;20SECONDTARGET
164753422,25.847,-18.4646,14.89,
164767175,26.209,-18.4017,9.46,G09123;20SECONDTARGET
167456967,17.5531,-14.1329,11.83,
25399365,22.6234,-16.4058,11.44,
257422924,22.4211,-13.2244,6.82,G09062;20SECONDTARGET
268532007,14.7985,-18.3002,12.57,
268532343,14.827,-19.7711,10.83,G09058;G09114;20SECONDTARGET
268534259,15.1177,-19.3898,7.41,G09062;20SECONDTARGET
268617034,16.0627,-18.0291,16.23,G09102;20SECONDTARGET
268637115,16.8001,-19.5935,9.68,G09123;20SECONDTARGET
268652078,17.3877,-19.0221,16.35,G09102;G09166;20SECONDTARGET
268717977,18.3513,-22.902,11.57,G09123;20SECONDTARGET
28054692,13.1344,-20.9969,7.24,G09062;20SECONDTARGET
28054706,13.0545,-21.1084,7.17,G09062;20SECONDTARGET
29862344,24.3127,-17.4587,15.26,G09102;G09166;20SECONDTARGET
29922026,24.5181,-17.9315,16.55,
29922027,24.4923,-17.9306,15.27,
29922033,24.4849,-17.8456,17.46,
29922036,24.551,-17.8175,17.26,
29922037,24.5311,-17.8163,16.32,
29922041,24.5395,-17.8121,12.06,
29928525,24.6661,-17.6471,10.21,
29928567,24.7822,-17.9467,9.12,G09123;G09123;20SECONDTARGET
29928589,24.6956,-17.8144,14.99,
29928606,24.7681,-17.7009,14.58,
29928610,24.6932,-17.681,16.57,
29928616,24.7857,-17.6455,11.66,
29938052,24.8612,-17.6907,11.89,
29938057,24.9032,-17.7224,10.68,
29938070,24.8382,-17.7935,7.36,
29938075,24.8944,-17.8403,14.96,
29938095,25.0149,-17.9335,16.65,
29938098,24.9928,-17.9027,15.76,
29938099,24.9997,-17.9003,11.49,
29938121,24.9459,-17.8031,15.92,
29938132,24.9541,-17.7458,17.5,
29938139,24.9483,-17.7142,16.88,
29940243,25.1142,-17.886,11.2,
32533653,19.9911,-15.815,6.77,G09062;20SECONDTARGET
32550424,20.825,-12.9372,10.65,
32551714,20.859,-14.2068,7.58,G09062;20SECONDTARGET
32553282,21.1666,-15.6606,5.36,
32557656,21.3238,-13.6582,8.42,
419013508,16.3425,-13.986,16.3,G09102;20SECONDTARGET
419015728,26.0037,-15.9311,2.75,G09062;G09123;G09123;20SECONDTARGET
423700466,21.715,-13.0564,5.21,G09062;20SECONDTARGET
439403362,18.137,-16.9943,9.07,G09123;20SECONDTARGET
439404145,18.2909,-13.6599,16.06,G09102;20SECONDTARGET
439404889,18.4094,-15.184,15.12,G09102;20SECONDTARGET
439456714,19.0763,-20.9541,11.73,G09031;G09123;20SECONDTARGET
439457434,19.2205,-22.2024,14.79,
439461184,19.7134,-22.4538,13.66,
439490708,21.1869,-22.4854,16.87,G09102;G09166;20SECONDTARGET
439496453,21.8471,-22.3389,5.5,
439496994,21.9977,-22.0369,5.78,
439498608,22.2192,-23.6625,17.01,G09041;G09102;20SECONDTARGET
439499946,22.3833,-20.6966,16.78,
439500072,22.401,-21.6293,5.12,
441495748,23.4667,-21.035,7.52,G09062;20SECONDTARGET
469970022,22.9148,-20.3329,15.56,G09102;G09166;20SECONDTARGET
54002556,23.5215,-14.4191,11.62,G09031;G09123;20SECONDTARGET
54003343,23.6006,-16.1187,13.87,G09016;G09102;G09017;G09166;20SECONDTARGET
54003409,23.6581,-15.6764,5.6,
54071288,24.0546,-14.9456,15.21,
54071353,23.9958,-15.4001,4.34,
54071627,23.9733,-17.534,6.53,G09062;20SECONDTARGET
55857787,23.3181,-24.1791,6.28,
610208704,17.9679,-17.8281,16.84,G09102;20SECONDTARGET
610584047,17.429,-11.7359,16.94,G09102;20SECONDTARGET
632256735,21.653,-23.2274,20.09,
632270541,21.7155,-20.2483,19.42,
632495486,23.164,-19.3614,15.93,G09102;20SECONDTARGET
632499196,25.0061,-18.1295,15.96,
632499540,24.7466,-18.0327,15.61,
632499595,24.7817,-17.9459,9.4,G09123;20SECONDTARGET
632512938,26.2661,-16.4322,20.07,
632517088,27.8857,-15.2087,17.4,G09016;G09102;G09017;20SECONDTARGET
63784241,24.4224,-18.0418,17.39,
63784244,24.4275,-18.0227,13.11,
63784248,24.4065,-18.0109,16.46,
66551009,16.9446,-17.5069,14.52,
92984690,28.2118,-16.5919,13.68,
92994182,28.5339,-15.6084,11.52,G09123;20SECONDTARGET
10000364259,54.2182,-27.9336,15.55,
10000364301,54.368,-24.5013,11.25,
10000364665,55.6525,-24.9813,15.48,
10000365411,58.8448,-28.1583,13.14,
10000399334,55.311,-23.8389,13.15,
10000427116,52.0274,-32.2862,11.37,
10000427219,52.6458,-34.854,10.91,
10000427293,52.8777,-30.2133,13.58,
10000427477,53.7467,-35.1712,12.88,
10000427516,53.8347,-32.6024,11.84,
10000427721,54.5803,-35.1291,16.18,
10000433427,53.0084,-28.3504,14.61,
10000433580,53.6998,-28.5027,15.98,
10000453720,55.5809,-35.3927,10.79,
10000453730,55.6888,-33.9206,13.29,
10000453972,56.77,-33.7098,11.35,
10000454482,58.6184,-35.9672,11.24,
10000454903,60.1734,-30.831,14.64,
10000457946,62.3058,-30.4151,12.71,
10000458037,62.7525,-31.4078,12.28,
10000458078,63.1455,-32.8173,13.35,
10000458108,63.2221,-31.3088,14.72,
10000458156,63.4571,-32.007,12.25,
10000595891,61.9403,-29.8586,13.04,
10002637222,56.7415,-25.5217,12.73,
10005000134,54.7172,-26.3378,9.22,
10005000189,52.7838,-33.6286,9.93,
10005000253,53.7556,-24.9331,10.4,
10005000325,55.5481,-29.8935,10.41,
10005000354,63.4196,-31.6454,10.36,
120959974,54.2409,-23.7421,17.81,
120960091,54.3642,-23.4857,11.77,
142865550,50.511,-33.8188,10.88,G09180;20SECONDTARGET
142865552,50.5058,-33.8214,11.05,G09180;20SECONDTARGET
142866275,50.6934,-33.3316,9.56,
142869587,51.1241,-34.6142,9.69,
142875263,51.4703,-32.817,9.37,
142875987,51.6429,-31.0618,14.35,G09102;20SECONDTARGET
142885904,51.7756,-34.7638,13.2,
142886317,51.8263,-33.4809,16.04,
142930316,52.1374,-32.7823,9.35,
142937186,52.2923,-31.3627,9.01,G09031;G09123;20SECONDTARGET
142937280,52.3588,-30.8974,9.89,
142938816,52.6444,-34.2501,17.84,
142938926,52.5457,-33.693,16.71,
142944344,52.8369,-30.5164,9.27,
142944595,53.038,-30.7116,12.19,G09123;20SECONDTARGET
142959260,53.3061,-30.5125,9.6,
142960070,53.2555,-34.8138,13.9,
142960515,53.4837,-34.6083,17.2,
142976476,53.4864,-31.0796,5.72,G09062;20SECONDTARGET
142977635,53.6243,-34.8328,6.66,G09062;20SECONDTARGET
142978764,53.6596,-31.0768,10.84,
142982488,53.8904,-34.8341,16.05,G09016;G09102;G09017;20SECONDTARGET
142984838,54.1965,-34.156,15.6,
143021681,54.3397,-34.6496,7.97,G09062;20SECONDTARGET
143021874,54.2146,-33.7806,6.45,G09062;20SECONDTARGET
143022568,54.2459,-30.595,10.15,
143024093,54.6077,-35.2468,16.59,
143024149,54.5223,-34.9757,9.13,
143024335,54.5198,-34.1186,9.16,
143029977,54.8998,-35.4268,13.9,
143030210,54.897,-34.3251,9.57,
143030725,54.8801,-31.9088,9.53,
143031212,54.9171,-30.4158,9.82,
143041459,54.9915,-30.9426,9.22,
143042655,55.0881,-35.2789,17.27,
143042706,55.1321,-35.0201,14.86,
143043648,55.0757,-30.2611,15.89,G09102;G09166;20SECONDTARGET
143043864,55.2933,-30.6758,9.29,
144596888,52.974,-25.6143,6.3,
144599948,53.2027,-29.4957,17.21,
144600129,53.2918,-29.5577,16.54,
144602274,53.5636,-29.8239,17.36,
144619564,53.5758,-27.721,9.62,
144620544,53.7188,-25.5826,5.62,
144621133,53.7769,-28.7055,17.64,
144622082,53.8584,-26.0304,9.06,
144622139,53.8695,-25.7394,16.38,G09025;G09041;G09102;G09123;20SECONDTARGET
144652167,53.9573,-28.0218,14.45,
144652818,54.0621,-28.2123,9.59,
144653213,54.1318,-26.333,12.73,G09123;20SECONDTARGET
152371331,65.3808,-25.7289,5.74,G09062;20SECONDTARGET
152372557,65.5342,-28.8187,10.16,G09123;20SECONDTARGET
152372681,65.5536,-28.2836,12.22,G09123;20SECONDTARGET
152372841,65.4918,-27.6581,9.99,
152373379,65.5175,-25.5168,13.83,
160141637,62.135,-36.2728,9.24,
166698926,55.4111,-35.1728,17.5,
166700241,55.5621,-31.9383,5.15,
166700884,55.5102,-35.3435,15.26,
166714982,55.9251,-30.767,9.77,
166741024,56.1452,-35.1789,11.68,
166741845,56.2576,-32.4539,12.79,
166742474,56.3398,-30.5945,9.58,
166747613,56.438,-35.1528,9.39,
166747856,56.5325,-35.5679,9.39,
166748749,56.5041,-31.1238,14.6,
166749468,56.6956,-32.2917,9.41,
166749929,56.6592,-34.4796,9.65,
166750154,56.6563,-35.6672,9.25,
166762338,56.8347,-29.9022,6.06,G09062;20SECONDTARGET
166762393,56.9837,-30.1696,4.68,
166763420,56.9207,-35.1936,10.72,
166763656,57.0536,-35.2092,10.42,
166764787,57.1694,-30.0945,9.1,
166774841,57.2654,-33.0847,8.22,G09062;20SECONDTARGET
166790427,57.587,-30.9341,9.81,
166803705,57.9545,-31.447,9.71,
166804318,58.1275,-31.2376,10.3,
166804380,58.0778,-31.4826,9.64,
166805815,58.2091,-33.3224,9.3,
166806344,58.264,-30.8047,13.74,G09142;20SECONDTARGET
166831961,58.2757,-30.1356,9.71,
166832614,58.2802,-33.2911,9.3,
166832756,58.275,-33.9736,9.12,
166833176,58.4115,-35.8263,10.39,
166833243,58.4633,-35.4599,14.3,G09102;20SECONDTARGET
166833382,58.4126,-34.7323,5.25,
166833457,58.4291,-34.3283,12.39,G09058;20SECONDTARGET
166833532,58.4629,-34.032,9.18,
166834116,58.5518,-31.3168,9.16,
166834133,58.4315,-31.2517,9.76,
166848425,58.6397,-34.0339,15.51,
166869904,59.103,-31.1948,11.83,G09123;20SECONDTARGET
166871302,59.2074,-35.529,9.67,
166871468,59.2615,-35.5269,9.54,
166871595,59.3046,-34.9673,9.83,G09123;20SECONDTARGET
166872241,59.262,-31.7318,9.26,
166874872,59.5497,-31.4614,10.41,
166874908,59.6597,-31.2773,10.17,G09196;20SECONDTARGET
166874975,59.5395,-30.9836,9.1,
166874980,59.5722,-30.9519,9.88,
166875067,59.6505,-30.5668,9.14,
166897966,59.7495,-35.661,9.69,
166898557,59.8359,-33.4535,9.21,
166932371,60.1463,-31.1803,9.71,
166932528,60.1698,-30.4907,5.92,
166932824,60.2851,-30.7272,9.27,
166933207,60.2724,-32.3961,11.36,G09102;20SECONDTARGET
166934070,60.4623,-35.5458,9.88,
166968667,60.4336,-31.8363,9.17,
166968742,60.4121,-31.4632,13.96,
168633690,60.6427,-30.1336,9.85,
168655325,60.6772,-32.7326,9.36,
168656596,60.8455,-32.6928,9.3,
168657862,61.0483,-33.4229,9.24,G09062;20SECONDTARGET
168658188,60.95,-35.0489,15.55,
168673612,61.1719,-34.9655,18.92,
168674823,61.2244,-30.5947,9.72,
168675309,61.2342,-33.0317,9.82,
168675839,61.2325,-35.4467,7.77,G09062;20SECONDTARGET
168676460,61.4453,-33.4586,9.71,
168676689,61.481,-32.4152,9.16,
168696027,61.4675,-31.6439,9.38,G09123;20SECONDTARGET
168697314,61.6328,-34.2614,11.38,G09123;20SECONDTARGET
168702875,61.9249,-31.9852,9.38,
168703410,62.0819,-30.1159,9.42,
168726017,62.2317,-31.4835,11.62,G09123;20SECONDTARGET
168726044,62.2355,-31.3413,9.23,
168750297,62.523,-31.2692,14.42,
168750720,62.6601,-30.5934,13.62,
168751174,62.6911,-32.8161,18.09,
168751271,62.7426,-33.1733,9.9,
168751671,62.6219,-35.1591,17.31,
168751697,62.6909,-35.274,5.51,
168751815,62.7295,-35.8334,16.34,
168752456,62.8606,-32.8412,9.45,
168784942,63.0155,-34.3401,9.41,
168785277,62.9624,-35.9009,9.61,
168785653,63.0456,-34.3388,9.2,
168786353,63.0764,-31.0723,9.4,
168787131,63.31,-32.1006,17.95,
168787349,63.2176,-33.0111,17.6,
168787674,63.2783,-34.4216,16.07,
168787978,63.2682,-35.8682,9.55,
168789908,63.5342,-32.2232,10.13,
168790657,63.4718,-35.633,10.24,
168793859,63.9198,-33.3741,10.06,
168831456,64.0636,-33.0662,12.98,
168847194,64.4741,-33.7984,3.7,G09123;20SECONDTARGET
179034327,64.1839,-26.7668,9.06,G09031;G09123;G09126;20SECONDTARGET
179107237,65.0896,-29.5738,15.92,G09016;G09102;G09017;20SECONDTARGET
257433150,57.2322,-28.1097,10.74,
257604699,62.9558,-36.0499,9.16,
321101213,60.3527,-35.9673,9.61,
325691177,56.6143,-29.3381,5.82,
325707134,56.8431,-29.469,5.98,
369371996,59.5618,-36.1607,13.14,
369376579,60.8181,-36.1584,11.19,G09123;20SECONDTARGET
369391504,60.9961,-36.1111,9.5,
423765259,51.9339,-29.424,18.69,
44646494,59.284,-29.8779,9.54,
44670257,60.0171,-29.0412,9.3,
44670258,60.0166,-29.038,9.02,G09123;20SECONDTARGET
44678687,60.1223,-25.8791,10.93,
44681349,60.3381,-26.5168,6.99,G09062;20SECONDTARGET
44683855,60.6021,-26.8501,14.3,
44735561,60.6789,-27.483,6.89,G09062;20SECONDTARGET
44735785,60.5905,-28.5312,7.11,G09062;20SECONDTARGET
44737596,60.9494,-25.4089,13.82,G09142;G09031;20SECONDTARGET
44737739,60.896,-26.1326,15.73,
44743049,61.4077,-27.6511,5.26,
44745133,61.6578,-25.3496,12.58,G09058;20SECONDTARGET
44791149,61.7981,-29.3095,10.39,G09123;20SECONDTARGET
44792534,61.941,-25.2089,9.78,G09058;G09123;20SECONDTARGET
44795539,62.1685,-27.0972,12.57,G09123;20SECONDTARGET
44796808,62.4142,-26.8142,10.86,G09123;20SECONDTARGET
44797824,62.4542,-26.0222,9.8,
44798313,62.457,-28.3341,13.16,G09102;20SECONDTARGET
44890689,63.2599,-26.4342,8.0,G09062;20SECONDTARGET
44891114,63.2529,-28.5403,7.61,G09062;20SECONDTARGET
44898913,64.1317,-28.3166,14.27,G09142;G09031;G09123;20SECONDTARGET
471014033,60.5642,-35.7153,17.3,
508615933,59.2866,-34.1558,12.55,
651124432,57.7079,-35.1646,19.72,
651139945,55.2827,-35.5171,18.95,
651139953,55.3365,-35.4832,20.25,
651140038,55.572,-35.5407,19.67,
651140095,55.5536,-35.4412,17.83,
651141815,53.8989,-35.2805,18.62,
651141857,54.1054,-35.2363,20.11,
651141977,54.9118,-35.4391,17.97,
651142167,54.6207,-35.3822,19.39,
651142188,54.8355,-35.3207,19.54,
651142200,54.6838,-35.3171,20.33,
651142215,54.6134,-35.3551,20.2,
651142385,55.2983,-35.1578,20.26,
651143018,54.4686,-34.8801,19.19,
651149196,53.8132,-35.2378,20.0,
651149719,52.9485,-35.0514,20.06,
651153185,53.2654,-33.7139,18.49,
651153271,53.3913,-33.573,19.18,
651157411,55.8017,-34.6272,18.16,
651157592,55.5697,-34.538,18.12,
651158702,55.4392,-33.7916,20.7,
651158710,55.3493,-33.7755,18.8,
651169490,54.1778,-33.0155,19.82,
651187110,58.0433,-30.4232,17.45,G09016;G09102;G09017;G09166;20SECONDTARGET
651326218,51.288,-32.8981,19.74,
651328018,51.6449,-32.3145,18.05,
651328434,52.0732,-31.7731,19.86,
651328473,51.8569,-31.8375,20.38,
651343035,53.0474,-31.4833,19.63,
651343211,52.9618,-31.3351,18.65,
651345718,54.7582,-30.8221,19.19,
651352036,51.727,-30.7121,18.02,
651356414,51.9613,-29.1314,20.59,
651357951,53.4131,-28.9569,19.97,
651361823,53.1989,-27.889,20.06,
651361959,53.1584,-27.795,18.6,
651361983,52.9837,-27.7823,19.27,
686060362,64.3885,-33.2156,17.28,G09102;20SECONDTARGET
686233737,61.2009,-33.9454,18.43,
686239727,63.0026,-32.861,18.24,
686239813,62.8601,-32.8576,19.71,
686241357,63.7242,-32.1381,17.14,G09102;G09166;20SECONDTARGET
686258399,64.4211,-31.2835,19.79,
7586961,63.6002,-36.2345,10.11,
89062998,54.514,-29.5282,10.67,
89093915,54.7165,-28.95,17.61,
89094978,54.7574,-24.5686,13.51,G09123;20SECONDTARGET
89113994,55.335,-27.9228,9.1,
89114003,55.3568,-27.9737,9.68,
89114063,55.3278,-28.2645,16.83,
89115385,55.498,-24.6525,6.31,G09062;20SECONDTARGET
89116063,55.6079,-26.8312,9.1,
89116334,55.5906,-28.3983,9.26,
89148712,55.9017,-24.663,15.1,G09102;20SECONDTARGET
89149476,55.8552,-26.5986,9.72,
89151176,55.9807,-24.928,14.8,
89183322,56.2616,-27.8217,9.09,
89184193,57.2801,-29.5313,10.95,
89184869,57.3435,-26.2807,8.87,
89188376,57.7151,-26.9609,17.07,G09102;20SECONDTARGET
89204401,57.922,-25.4713,15.98,G09102;G09166;20SECONDTARGET
89205615,58.0984,-28.4388,11.25,
89240397,58.4282,-24.6123,4.78,
89256140,58.6295,-24.8911,7.63,G09062;20SECONDTARGET
89256802,58.7257,-26.4232,13.74,G09031;20SECONDTARGET
89265215,58.9638,-26.7801,16.58,
10000087870,56.4975,-12.5303,13.97,
10000087914,56.5645,-15.998,13.48,
10000087918,56.6588,-16.5502,12.26,
10000272260,56.8199,-11.7045,13.46,
10000333090,63.9405,-13.4877,12.81,
10000333180,64.2351,-16.3675,15.87,
10000333429,65.4042,-15.9938,13.33,
10000399051,53.9748,-22.1397,14.86,
10000399201,54.7953,-22.3886,12.5,
10000399234,54.8785,-18.6881,10.58,
10000399235,54.8774,-18.527,13.11,
10000399238,55.0558,-18.319,15.36,
10000399245,55.0664,-19.0818,14.78,
10000399246,55.0004,-19.4262,12.38,
10000399328,55.3628,-22.4728,15.67,
10000399356,55.3825,-19.9051,13.02,
10000399361,55.4836,-18.8951,13.19,
10000399368,55.4361,-18.2671,11.84,
10000399379,55.4996,-18.713,14.03,
10000399425,55.7394,-19.0114,15.81,
10000399563,56.2082,-21.9205,11.08,
10000399582,56.2621,-18.266,10.93,
10000399589,56.3429,-18.6336,11.12,
10000399864,57.0587,-21.4745,13.22,
10000400172,58.175,-18.755,15.37,
10000440345,62.2119,-21.7213,13.73,
10000477778,58.6209,-20.4272,13.65,
10000477803,58.8661,-18.0042,14.82,
10000478112,60.607,-18.0476,13.17,
10002583802,57.8521,-15.4023,13.61,
10002637854,62.0316,-17.1929,12.93,
10002638249,63.4315,-17.4936,13.33,
10005000188,55.0496,-18.5804,9.46,
10005000447,65.3068,-21.8461,12.84,
10005000451,58.6622,-20.5025,11.47,
120974561,54.5793,-22.4837,15.27,
120975153,54.6942,-22.4908,18.29,
120976197,54.8489,-18.7571,15.8,
120976681,54.8413,-21.4214,14.3,
120977912,54.8746,-20.1097,9.09,
120978659,55.0519,-19.5927,5.89,
121006116,55.152,-21.5424,14.74,
121006531,55.1682,-19.4727,5.87,
121006873,55.3276,-18.0351,16.83,
121006924,55.2835,-18.3099,15.25,
121025936,55.983,-19.1097,6.22,
121026070,56.006,-18.4831,12.74,
121049033,56.1413,-20.0941,13.15,
121078334,56.5991,-21.9724,9.34,
121133560,57.8798,-21.2816,5.72,
121156845,58.1204,-23.0498,17.6,
121157898,58.2415,-19.9309,16.59,G09102;G09166;20SECONDTARGET
121158260,58.1913,-18.3687,11.56,G09123;20SECONDTARGET
121158463,58.3039,-18.4344,5.32,
136887637,61.0783,-15.7253,4.33,G09123;20SECONDTARGET
136888305,61.0948,-12.7922,4.71,G09123;20SECONDTARGET
139526882,63.5433,-21.4253,16.39,G09102;20SECONDTARGET
139528693,63.7563,-22.1164,11.83,G09114;20SECONDTARGET
139546907,63.9042,-19.3298,10.47,
139552896,64.4808,-18.507,5.57,
139575469,64.5242,-21.7859,17.33,
139576180,64.6566,-22.9694,5.85,
139595280,65.1845,-22.0891,14.35,G09102;20SECONDTARGET
139595654,65.1628,-20.6397,5.43,
139637712,65.4485,-21.7709,7.02,G09062;20SECONDTARGET
139638444,65.3293,-18.8072,14.97,
139667894,65.9518,-23.0968,17.29,
139680713,66.1717,-20.1201,11.71,G09041;20SECONDTARGET
139682931,66.2812,-23.6312,14.96,
139683549,66.443,-21.9005,12.99,G09123;20SECONDTARGET
139733885,67.1629,-19.4597,4.93,
149841539,62.3116,-23.3891,16.63,
149846788,62.5467,-19.8148,13.84,G09102;20SECONDTARGET
149859684,62.7722,-18.4268,7.84,G09062;20SECONDTARGET
149861542,62.9012,-20.3558,5.69,
152370762,65.2933,-24.5392,8.77,G09123;20SECONDTARGET
156215534,56.245,-16.8784,15.05,G09102;20SECONDTARGET
156215561,56.5374,-16.976,13.84,
178199266,58.5005,-23.1393,5.89,
178274511,60.0658,-20.0227,11.45,
178284730,60.3855,-20.4509,10.31,G09114;G09031;G09180;20SECONDTARGET
178287603,60.6961,-22.5951,5.92,
178288933,60.774,-18.3793,17.26,
178289267,60.9482,-19.0569,11.71,G09058;G09114;20SECONDTARGET
178289484,60.9033,-20.159,5.99,
178321695,61.1706,-20.382,5.17,
178348707,61.4444,-20.5126,5.55,
179034958,64.4047,-24.3308,10.71,G09123;20SECONDTARGET
279401253,57.6573,-15.0263,11.26,G09034;G09123;20SECONDTARGET
279433960,58.1953,-17.1808,14.78,G09102;20SECONDTARGET
279483438,58.5429,-16.8813,17.24,G09041;G09102;G09166;20SECONDTARGET
279484490,58.6956,-14.2688,16.1,G09102;G09166;20SECONDTARGET
279485093,58.8165,-12.0993,5.72,
279494178,59.0972,-15.1554,13.04,
279536940,59.28,-12.9894,11.51,
319312778,61.8477,-15.1524,15.8,
319313276,61.8649,-17.1877,14.23,G09102;20SECONDTARGET
325685265,59.5078,-13.5093,1.49,
332534326,61.4013,-14.9267,12.8,G09058;20SECONDTARGET
332558858,61.6863,-16.7559,12.59,G09058;20SECONDTARGET
332581003,62.3243,-16.3859,5.58,
332622373,62.6041,-16.6978,15.76,
332623206,62.5165,-13.1526,13.12,
332658534,63.0013,-17.2751,5.59,
332697630,63.331,-13.6841,12.74,
651568252,59.3615,-23.1857,18.99,
651570599,59.5519,-22.5649,20.19,
651610845,55.8587,-21.34,19.52,
651620938,58.7695,-20.3874,19.29,
651662732,55.4543,-19.5729,17.7,
651665559,55.1854,-18.9516,20.71,
651665689,55.0592,-18.9303,18.81,
671547136,64.0936,-15.1131,20.64,
671561932,64.7045,-14.2018,19.29,
686393664,63.2589,-23.8175,17.6,
686446103,62.3892,-21.7658,18.55,
686492228,60.3084,-18.0831,19.2,
686498538,61.7992,-17.2067,17.93,
686515154,61.83,-15.2565,16.49,G09102;20SECONDTARGET
70597572,60.7637,-15.1463,8.52,
70598288,60.8885,-17.2009,13.17,
70887554,63.8605,-15.9801,15.56,
70962870,64.8975,-14.9556,15.83,
70963660,65.0194,-17.4525,14.46,G09102;20SECONDTARGET
71013467,65.7202,-13.353,13.16,
71025526,65.8128,-15.5569,14.37,
71109189,67.0126,-17.0742,15.64,
71109681,67.0298,-15.1801,5.93,
71151813,67.5418,-13.5924,5.38,
10000069403,52.2273,-12.1533,12.48,
10000069450,52.3821,-17.7783,12.76,
10000069552,52.6495,-17.9414,13.62,
10000069700,53.3212,-13.6642,11.01,
10000069847,53.6588,-17.4765,15.06,
10000077346,44.7334,-12.3985,11.77,
10000077454,45.1323,-15.7361,12.98,
10000077510,45.4001,-14.8366,11.7,
10000077732,45.9099,-15.6135,11.34,
10000107289,53.8772,-14.2102,14.01,
10000107498,54.5501,-15.8995,13.11,
10000298422,49.5396,-16.274,13.6,
10000298471,49.8548,-13.9897,14.65,
10000334566,45.6603,-18.8977,12.21,
10000370583,49.8092,-19.0999,11.54,
10000370747,50.7775,-21.3752,12.33,
10000370833,51.2011,-21.342,16.9,
10000370907,51.6307,-21.2168,13.43,
10000645870,51.5108,-17.5915,12.33,
10002314559,52.8874,-19.2785,13.34,
10002330001,50.5273,-15.4001,11.81,
10002330072,53.4487,-19.4919,12.78,
10002330080,53.3722,-18.1467,12.34,
10002330097,53.4711,-20.2824,12.25,
10002358253,44.5545,-10.3505,13.58,
10002382101,52.6965,-21.0582,13.39,
10002382167,53.2401,-21.0893,14.1,
10002552224,46.6221,-15.5691,15.25,
10002552803,47.9551,-15.9587,14.23,
10002553226,49.4256,-13.4366,14.53,
10005000083,49.9212,-19.4114,10.33,
10005000207,47.4396,-20.5793,9.39,
10005000288,53.0126,-20.8192,10.67,
118653173,53.9905,-11.1932,4.76,
12546791,52.0039,-11.2869,4.82,
12571097,52.3249,-10.5547,7.11,G09062;20SECONDTARGET
137862246,48.2514,-20.0265,5.7,
137862555,48.2476,-17.9262,14.84,
141326842,45.4842,-9.9614,4.93,
141328425,45.6368,-11.8008,13.56,
141333291,45.8831,-10.9759,6.65,G09062;20SECONDTARGET
206693090,54.0728,-17.4671,5.32,
23171476,46.6392,-10.2521,5.82,
23192405,47.0433,-11.5633,16.32,G09102;20SECONDTARGET
23220549,47.4269,-9.5804,7.8,
257567390,52.8121,-21.2915,12.51,G09004;G09123;20SECONDTARGET
30017457,43.1297,-15.8106,12.21,
322511378,43.0013,-18.1562,11.32,
344335536,47.9927,-20.902,15.61,G09102;20SECONDTARGET
402135374,50.8221,-17.4392,5.84,
423442495,51.1048,-15.6546,6.95,G09062;20SECONDTARGET
423448582,51.3029,-16.1451,15.69,
423448777,51.3115,-15.0413,7.35,G09062;20SECONDTARGET
425177548,44.697,-9.7766,5.96,
441499030,46.5354,-14.5312,15.77,
441500792,46.7025,-17.3921,16.71,G09102;G09166;20SECONDTARGET
441501273,46.7777,-16.1664,17.96,
441501782,46.8273,-13.7637,6.36,
441502256,47.3716,-17.4098,14.61,
441506123,47.8195,-16.025,5.21,
441506647,47.7722,-13.2642,5.79,
441507299,47.8781,-13.5252,7.27,G09062;20SECONDTARGET
441508514,48.108,-15.9452,14.84,
441515106,48.8283,-17.9434,9.22,
55893447,50.147,-15.9026,17.67,
651644822,51.2343,-21.7757,19.06,
651645807,51.5913,-21.3476,18.46,
651652539,51.849,-20.7989,15.92,
651687009,46.4907,-19.3975,20.14,
651694352,50.8829,-18.6741,19.48,
651765609,54.3528,-13.441,19.42,
651815867,44.7479,-17.8394,16.82,G09016;G09102;20SECONDTARGET
651819442,45.461,-16.5931,11.56,
651821918,43.7287,-17.0449,20.04,
651826834,44.1157,-15.2593,17.24,G09102;20SECONDTARGET
651830097,47.4243,-15.8671,19.8,
651849550,43.083,-14.559,18.59,
651913942,48.0851,-10.4985,20.98,
71373798,45.6617,-18.1651,9.62,
71411419,47.2557,-18.2034,17.44,
71445158,47.4662,-19.1137,11.7,
92234823,49.0786,-21.0222,15.84,G09102;20SECONDTARGET
92250588,49.5159,-19.7373,9.93,
92252166,49.6724,-18.5603,5.51,G09194;G09062;20SECONDTARGET
92252848,49.8637,-21.1538,15.67,G09102;20SECONDTARGET
92279785,50.2197,-20.0043,17.86,
92282348,50.6333,-19.1134,15.96,G09102;G09166;20SECONDTARGET
92302981,50.5683,-21.1003,5.67,
92304769,50.8399,-19.2736,15.2,
92343188,50.9358,-19.7506,14.06,
92346061,51.3031,-21.0723,7.36,G09062;20SECONDTARGET
92347971,51.5921,-20.0301,9.76,
92357813,51.9726,-19.8022,7.05,
92358656,52.1484,-20.993,16.24,G09177;G09102;20SECONDTARGET
92362554,52.6669,-19.4356,6.85,G09062;20SECONDTARGET
93031274,52.0814,-13.0083,9.21,
93031595,52.1405,-12.3293,16.49,G09102;20SECONDTARGET
93032255,52.1632,-15.6212,11.66,
93032256,52.1646,-15.6256,11.76,
93050630,52.4002,-12.6747,5.42,
93088834,52.9464,-15.4278,10.3,
93105467,53.438,-15.1289,6.62,G09062;20SECONDTARGET
93106368,53.5521,-16.164,5.96,
93121654,53.5089,-14.2674,16.83,
93122197,53.6593,-12.2984,7.19,G09062;20SECONDTARGET
94945019,51.6371,-16.0892,15.37,G09102;20SECONDTARGET
97492918,44.061,-19.6456,17.0,
9859432,48.6373,-9.6869,7.24,G09062;20SECONDTARGET
98723658,44.002,-12.0045,16.73,
98726227,43.9265,-14.2241,12.13,
98728379,44.1952,-13.2383,7.58,G09062;20SECONDTARGET
98756201,44.5113,-15.8371,7.6,G09062;20SECONDTARGET
98756270,44.4759,-16.1924,11.69,
98757662,44.5524,-12.0059,5.61,
98759683,44.9123,-12.3908,15.31,G09102;20SECONDTARGET
98778252,45.0828,-17.7489,12.46,G09004;20SECONDTARGET
98794593,45.3338,-17.2297,7.69,G09062;20SECONDTARGET
98796342,45.4601,-16.594,8.55,
98796344,45.4613,-16.5953,8.84,G09031;G09123;20SECONDTARGET
98827870,45.7495,-12.0215,17.34,
98828522,45.781,-15.3208,15.89,
98828580,45.7564,-15.6647,15.73,
98830122,45.8907,-12.069,16.69,
98853135,45.9512,-12.8562,10.87,
98868202,46.1671,-16.7232,15.08,
9967295,50.873,-11.2588,9.15,
10000321117,39.7648,-27.4431,11.94,
10000321443,40.9348,-29.0034,11.11,
10000321515,41.2741,-27.9089,15.96,
10000321558,41.3983,-25.4225,15.77,
10000362548,44.6295,-26.8246,14.54,
10000362816,46.0332,-26.0696,10.25,
10000362834,46.1345,-27.4606,13.3,
10000363057,47.4009,-25.2536,13.0,
10000363255,48.0335,-25.1318,13.52,
10000363365,48.3835,-25.7252,11.21,
10000370507,49.2685,-22.8667,12.3,
10000404299,42.3997,-30.578,13.2,
10000426733,50.1122,-31.2481,15.33,
10000432526,49.0888,-25.8548,13.88,
10000432654,49.6704,-25.7578,15.13,
10000432720,49.9634,-26.0606,10.48,
10000432804,50.3295,-24.7695,13.39,
10000432810,50.2625,-25.5126,13.4,
10000475951,49.3049,-32.5759,11.38,
10001096535,37.8579,-29.5644,13.44,
10001127866,44.0897,-32.1856,12.96,
10002382070,46.5749,-21.5024,14.55,
10005000054,41.5794,-30.2749,9.02,
10005000260,45.6566,-22.8672,10.75,
122506764,38.4621,-29.9327,6.88,G09062;20SECONDTARGET
122522574,38.635,-29.9497,7.67,G09062;20SECONDTARGET
122541607,39.0385,-30.045,4.88,
122555050,39.3582,-29.9904,12.39,
122556844,39.5786,-30.1946,5.37,G09062;20SECONDTARGET
122575441,40.0102,-30.6342,5.64,
122608433,40.3643,-30.821,12.95,G09123;20SECONDTARGET
122612091,41.0401,-30.1691,10.46,G09058;G09114;20SECONDTARGET
122615835,41.4807,-30.4813,7.21,G09062;20SECONDTARGET
122615845,41.5812,-30.505,9.64,
122617271,41.7048,-31.4926,9.53,
122670213,41.9535,-30.7071,9.55,
122686574,42.4176,-30.4702,9.41,
142852451,50.3204,-30.9926,9.33,
142852716,50.4905,-30.3735,9.78,
142852752,50.4654,-30.6131,9.96,
144464361,49.0581,-24.1904,17.09,
144480642,49.3019,-29.1963,16.73,G09102;20SECONDTARGET
144482357,49.5121,-28.7972,5.62,
144482841,49.5741,-28.3535,16.86,
144482975,49.6018,-27.5699,9.95,
144482976,49.5952,-27.5664,10.62,
144503312,50.0152,-28.7843,7.72,G09123;20SECONDTARGET
144504128,50.1887,-26.6063,5.89,G09062;20SECONDTARGET
144504146,50.0704,-26.4516,14.42,
144505531,50.3242,-28.8683,9.07,
144522026,50.7673,-29.7585,14.98,G09102;20SECONDTARGET
176777147,47.7665,-30.6626,9.38,
176777361,47.8535,-30.6828,9.11,
176777460,47.8424,-31.3292,16.58,
176780599,48.2045,-32.2124,9.46,
176780738,48.1962,-31.39,9.18,
176780951,48.2496,-29.9692,9.29,
176798109,48.5709,-32.6545,9.39,
176798699,48.719,-30.7355,10.06,
176829543,48.8606,-33.645,9.32,
176831592,48.9575,-32.8024,9.1,
176840885,49.1294,-31.6535,9.29,
176842612,49.4083,-33.2468,9.42,
176843204,49.5827,-30.1308,9.36,
176843254,49.5151,-30.4057,9.22,
176851729,49.6769,-32.8023,9.51,
178153753,42.5399,-31.5565,9.22,
178155533,42.8449,-30.4378,7.12,G09062;20SECONDTARGET
178155732,42.9854,-30.8137,5.91,G09062;G09123;G09126;20SECONDTARGET
178198324,43.5178,-30.5461,9.83,
178198591,43.4728,-32.3268,9.64,
204613780,41.6885,-21.6394,6.12,G09062;20SECONDTARGET
204613785,41.6098,-21.6606,6.83,G09062;20SECONDTARGET
204614426,41.7961,-22.4861,6.06,G09062;G09123;20SECONDTARGET
209404571,44.6354,-30.2985,9.69,
209406740,44.9113,-31.3243,9.33,G09062;20SECONDTARGET
209408583,45.0421,-30.2079,9.48,
209408651,45.2419,-29.9863,9.85,
209429472,45.3544,-31.0585,9.54,
209429812,45.3931,-30.6909,9.18,
209450478,45.765,-30.896,9.65,
209450862,45.7255,-33.0534,9.43,
209450866,45.7441,-33.0745,9.35,
209452109,45.8979,-32.0208,9.72,
209452383,45.933,-30.4632,16.11,G09102;20SECONDTARGET
209454534,46.1171,-30.568,9.89,
209455082,46.2428,-32.263,9.18,
209456757,46.5051,-30.3528,9.38,
209458506,46.6637,-33.2498,10.05,
209458939,46.7545,-30.6515,9.17,
209459075,46.868,-29.9285,14.81,
209459275,46.8185,-31.1632,10.57,G09058;G09114;20SECONDTARGET
209459325,46.9004,-31.4692,9.43,
209461117,46.9681,-30.586,9.21,
209463181,47.3146,-30.7149,9.76,G09180;20SECONDTARGET
209463232,47.3472,-30.4043,9.47,
209463242,47.313,-30.346,9.64,
209463298,47.3427,-30.0724,9.51,
209463384,47.4124,-30.2433,13.48,G09123;20SECONDTARGET
257526233,45.9475,-21.3617,6.67,G09062;20SECONDTARGET
257527578,46.2927,-21.9337,10.65,G09123;20SECONDTARGET
274000285,42.6703,-21.552,9.06,
274016481,42.7593,-21.0042,3.97,
322512633,43.3259,-22.0909,5.74,
326262576,43.3979,-22.3769,4.98,
423762405,51.5175,-27.7535,17.03,
423763376,51.5939,-27.3171,5.11,
423763742,51.5624,-25.3106,14.8,G09102;20SECONDTARGET
423781349,51.8245,-26.5251,9.07,
423781439,51.8335,-26.0378,16.96,
423783852,52.0835,-25.6803,17.92,
44629337,49.9875,-31.156,9.12,
632313373,39.469,-30.6927,16.89,G09102;G09166;20SECONDTARGET
632333493,39.5064,-29.5692,17.61,G09016;G09102;G09017;G09166;20SECONDTARGET
64109026,39.9756,-23.9299,7.6,G09062;20SECONDTARGET
651329771,49.3589,-33.0513,17.39,G09102;20SECONDTARGET
651331051,49.8471,-32.63,19.39,
651333347,49.6919,-31.9136,18.45,
651364036,48.4843,-31.4704,19.94,
651364633,47.8618,-31.3769,18.71,
651367817,49.0672,-31.2121,20.46,
651380987,48.2201,-28.8385,18.99,
651389671,50.7648,-27.7252,20.69,
651394614,51.7235,-26.7854,20.59,
651398024,49.7561,-26.8596,19.1,
651400116,48.9454,-26.7371,17.64,
651440583,42.9542,-30.1146,20.76,
651441193,42.3141,-29.9398,18.05,
651459275,45.5543,-28.73,11.86,
651462582,46.8881,-27.7697,17.11,G09016;G09102;G09017;20SECONDTARGET
651481518,50.1113,-24.9356,19.14,
651497727,42.4917,-25.5536,19.19,
651500886,42.7245,-24.8929,18.83,
651520044,43.9089,-22.7842,17.05,G09041;G09102;20SECONDTARGET
651637070,50.6233,-23.9495,18.62,
65290820,38.3552,-26.9937,18.08,
65291439,38.4611,-28.2324,5.04,
65324889,38.8718,-29.645,15.68,
65344368,39.1983,-25.0243,7.15,G09062;20SECONDTARGET
65346941,39.672,-26.7207,16.27,G09102;20SECONDTARGET
65347864,39.8244,-26.8222,11.41,
65398177,40.4842,-28.6431,16.79,
65414131,40.7103,-28.1514,6.06,
65414277,40.7094,-29.0211,16.47,
65416379,41.0922,-29.2065,5.8,
65416950,41.0621,-25.495,6.38,G09062;20SECONDTARGET
65434830,41.5517,-29.0135,17.71,
65435944,41.7981,-24.0343,17.83,
65448527,41.931,-25.2637,12.11,
65449784,42.1194,-29.5935,17.51,
65451189,42.2447,-26.7323,17.6,
65452015,42.4762,-27.9418,5.38,
65479645,42.4619,-24.5613,5.23,
65484424,43.1324,-27.9576,6.0,
65516818,43.2981,-26.5209,13.6,
71345281,45.0743,-21.7752,14.79,
71353640,45.5967,-23.6249,3.96,
71372407,45.6528,-23.031,15.94,G09102;20SECONDTARGET
71372516,45.6204,-22.801,16.68,
71410075,47.0409,-22.4981,15.39,
71446322,47.5135,-23.6929,10.97,
71446375,47.6479,-23.7384,5.56,
71469312,47.7796,-22.9017,15.42,G09102;20SECONDTARGET
88337888,43.8738,-25.3051,5.62,
88347117,44.3036,-29.8553,5.76,
88363936,44.53,-28.384,10.87,
88379180,44.8575,-29.7912,9.86,
88379311,44.7771,-28.9076,5.26,
88380516,44.9023,-25.2735,5.32,G09062;20SECONDTARGET
88381400,45.1542,-29.5713,16.86,G09102;G09166;20SECONDTARGET
88405751,45.4091,-28.0948,5.11,G09062;20SECONDTARGET
88407246,45.5183,-27.991,9.09,
88407464,45.4655,-29.1737,15.46,
88407944,45.6842,-28.0257,9.21,
88409614,45.6941,-28.3148,9.17,
88415563,45.8746,-29.9041,9.45,
88416301,45.9047,-25.5917,9.38,G09123;20SECONDTARGET
88416873,45.9584,-25.2756,17.36,
88417084,45.9943,-26.5957,12.96,
88417452,45.975,-28.8139,15.44,
88464682,46.7057,-24.8462,14.84,
88465894,46.7732,-26.3875,14.58,
88478720,46.9697,-28.2369,10.8,
88481119,47.1575,-25.967,16.21,
88523071,48.0219,-28.983,3.45,G09062;20SECONDTARGET
88524347,48.1404,-26.9535,9.06,
88524829,48.1762,-29.6644,9.26,
88532478,48.3763,-29.7156,9.94,
88532487,48.4082,-29.8042,5.26,
88532521,48.49,-29.8383,9.23,
88570484,48.8121,-29.7559,10.16,
88570744,48.8481,-28.3611,12.01,
89044649,47.5545,-33.8153,9.48,
91541787,43.6621,-30.7561,9.84,
91556284,44.0957,-30.1164,13.95,G09102;20SECONDTARGET
91556309,44.0415,-29.941,9.26,
91556382,44.2515,-30.4106,9.55,
91592031,44.3177,-30.601,9.99,
91592091,44.3576,-30.2555,10.03,
91592246,44.4978,-30.4537,16.44,G09102;20SECONDTARGET
91592334,44.5169,-30.9636,9.24,
92251085,49.5922,-22.511,3.98,
92251324,49.6944,-23.7926,14.6,
92281021,50.3499,-23.6353,4.72,
97507956,44.3499,-23.8624,5.25,
10000158519,73.1952,-14.1312,14.87,
10000391427,72.8622,-14.9659,14.79,
10000396593,70.613,-17.4546,15.11,
10000396936,71.4741,-17.279,12.91,
10000397066,71.9099,-17.434,13.69,
10000401734,69.6294,-19.969,15.13,
10000402016,70.5606,-20.4348,11.65,
10000402774,72.5905,-23.7137,15.07,
10000403040,73.2198,-18.3524,14.27,
10000434877,74.5555,-20.3635,12.93,
10000434885,74.5379,-21.6191,12.65,
10000434947,74.6961,-21.5694,12.95,
10000434965,74.6718,-19.5919,13.47,
10000435086,74.9615,-18.5643,15.61,
10000435228,75.2465,-19.5959,16.1,
10000435374,75.503,-21.137,13.03,
10000435393,75.4446,-18.157,13.2,
10000435420,75.5751,-20.0012,13.32,
10000435523,75.798,-20.3168,14.13,
10000435525,75.8474,-20.3115,14.95,
10000435897,76.7673,-18.4227,14.73,
10000435962,76.9793,-18.1899,12.28,
10000435966,77.1719,-18.2075,14.17,
10000435970,77.114,-18.34,15.58,
10000436019,77.2593,-20.2556,12.95,
10000436051,77.3207,-18.7154,13.52,
10000459453,76.0848,-17.6168,14.67,
10000459461,76.1304,-16.5846,13.9,
10000459504,76.3192,-17.3507,15.14,
10000459554,76.5091,-17.054,15.21,
10000459690,77.1776,-16.9625,14.77,
10000459691,77.1476,-17.1808,13.18,
10000459907,77.9421,-15.1347,13.32,
10000459938,78.0139,-15.6878,11.12,
10000479904,69.2967,-24.0953,14.52,
10000480082,70.0618,-24.3189,14.27,
10000481723,73.752,-25.3449,13.93,
10000513107,75.6879,-25.5368,13.19,
10000513833,78.1027,-25.7827,15.79,
10000730593,78.9278,-16.1087,12.83,
10001399449,68.4732,-20.1741,16.26,
10001797259,78.8077,-22.5504,12.07,
10002304984,72.179,-20.3447,13.72,
10002305366,78.9714,-22.7397,12.99,
10002305522,79.2497,-23.4663,16.65,
10002629545,73.9306,-14.9975,14.31,
10002629813,74.8629,-16.5595,13.28,
114921565,72.4079,-15.8097,7.77,G09062;20SECONDTARGET
114924012,72.5284,-15.8045,5.93,
114924130,72.5488,-16.2168,4.19,
114956303,72.8653,-15.2997,15.46,
114956508,72.9013,-14.5873,11.72,G09180;20SECONDTARGET
117648313,68.0578,-16.7524,14.08,
117748478,69.2398,-16.2187,10.73,G09123;20SECONDTARGET
117763145,69.5445,-14.3052,2.93,
117772810,69.6965,-16.4557,16.31,G09102;G09166;20SECONDTARGET
117776994,69.8331,-14.3601,4.52,
117799456,70.1366,-14.2008,5.09,
117842959,70.2718,-15.3165,16.48,G09102;20SECONDTARGET
117880865,70.706,-14.8752,11.88,G09123;20SECONDTARGET
117899477,71.1454,-17.6785,15.41,G09102;20SECONDTARGET
117979455,71.8025,-17.2536,8.96,
117979897,71.8245,-17.1152,12.07,G09058;20SECONDTARGET
117979951,71.9022,-16.9332,4.9,G09062;20SECONDTARGET
118034753,72.1356,-16.3292,5.26,G09062;20SECONDTARGET
121548853,68.7538,-19.921,5.16,
121549920,68.8888,-19.9627,11.68,G09123;20SECONDTARGET
121550523,68.8125,-22.4452,13.94,
121589312,69.5059,-22.9216,9.18,
121634766,70.1079,-18.3452,14.66,G09123;20SECONDTARGET
121635147,70.1107,-19.6722,2.32,G09123;20SECONDTARGET
121637793,70.2223,-18.7099,12.91,G09123;20SECONDTARGET
121641254,70.5345,-18.3485,14.51,
121646979,72.7224,-23.6332,16.88,G09102;20SECONDTARGET
121711742,73.2066,-19.9173,9.03,
13064913,75.7531,-25.459,18.68,
13070682,75.8423,-25.429,15.02,
13071322,75.9722,-24.3884,5.54,
13133610,76.5754,-24.0668,16.23,G09016;G09102;G09017;20SECONDTARGET
13222474,77.6858,-25.9103,5.33,
13346713,78.7859,-24.5409,17.07,
139724726,66.8218,-22.5577,16.42,
139733308,67.2228,-21.4821,11.9,G09058;G09031;G09123;20SECONDTARGET
139769610,68.1653,-19.2561,12.88,
146322354,73.9094,-23.2409,6.93,G09123;20SECONDTARGET
146323153,73.9459,-20.5714,11.88,
146323525,73.9183,-19.2992,11.18,
146346508,74.5055,-19.1299,16.67,
146347898,74.6013,-20.9995,16.42,G09016;G09102;G09017;G09166;20SECONDTARGET
146423464,75.3569,-20.052,4.95,
146435275,75.3264,-23.7074,7.08,G09062;20SECONDTARGET
146437397,75.6315,-18.0676,13.14,
146439619,75.6879,-22.7949,4.69,
146471505,76.2119,-21.9048,5.0,
146515844,76.3742,-18.3581,17.28,
146515858,76.3131,-18.3807,11.67,
146520535,76.6497,-20.2456,11.05,G09031;G09123;G09126;20SECONDTARGET
146520657,76.6654,-20.6273,15.08,
146522419,76.7062,-21.5847,9.15,G09123;20SECONDTARGET
146523123,76.7904,-19.3898,5.87,G09062;20SECONDTARGET
146536674,76.9479,-22.4078,15.82,G09102;20SECONDTARGET
146538452,77.1006,-18.7521,13.11,
146539195,77.114,-21.0291,11.62,G09123;20SECONDTARGET
146559012,77.5178,-23.678,10.82,G09123;20SECONDTARGET
146559015,77.5208,-23.671,11.56,G09123;20SECONDTARGET
146596217,77.6649,-23.6689,16.56,G09102;G09166;20SECONDTARGET
152374958,75.0317,-15.3394,12.66,
152437508,75.4188,-16.0903,11.53,
169318851,75.9861,-14.5562,5.65,
169341320,76.2374,-14.223,6.37,
169379648,76.4699,-17.3738,15.3,G09016;G09102;G09017;20SECONDTARGET
169380520,76.6155,-15.8254,8.53,G09123;20SECONDTARGET
169383936,76.6493,-17.5743,14.95,
169395153,76.7862,-17.3011,6.58,G09062;20SECONDTARGET
169398184,76.902,-15.6698,16.62,
169398378,76.9502,-16.2903,18.57,
169416642,77.0552,-15.0953,5.55,
169530372,77.9426,-17.0914,12.69,G09123;20SECONDTARGET
169534653,78.2333,-16.2056,1.98,
169553449,78.4999,-14.6069,5.86,
178857554,66.7372,-24.0815,6.0,
178871947,67.1201,-23.8798,8.83,
178896096,67.8679,-24.6991,15.43,G09102;20SECONDTARGET
178938225,68.266,-24.8555,13.77,
178938417,68.2763,-24.0137,8.43,
178944841,68.6591,-24.0404,5.38,
178945062,68.7274,-25.0393,6.93,G09062;20SECONDTARGET
178947400,68.8247,-24.533,6.24,G09062;20SECONDTARGET
178967690,69.5674,-24.6585,8.58,
178995938,70.0278,-24.4822,4.74,
188968931,78.582,-16.0252,15.81,G09102;20SECONDTARGET
188969240,78.6202,-15.2486,12.64,G09123;20SECONDTARGET
188969241,78.6144,-15.2478,12.55,
189012795,79.0861,-16.5599,15.23,G09041;20SECONDTARGET
189017508,79.2708,-17.4282,11.74,G09123;20SECONDTARGET
246897668,73.1027,-16.8243,9.24,G09123;20SECONDTARGET
246927556,73.7785,-16.7407,4.91,
246930866,73.8278,-16.4174,4.94,
30926857,79.1059,-25.9394,17.29,
316918406,74.6492,-15.6252,10.49,G09123;20SECONDTARGET
316919585,74.7547,-16.375,5.44,G09062;20SECONDTARGET
398780232,72.1502,-19.9157,13.84,
398796167,72.4063,-18.1166,15.81,G09102;G09166;20SECONDTARGET
398801916,78.4507,-19.7384,15.42,
398904135,79.1272,-21.0999,7.68,
406498177,70.8221,-23.6284,6.68,G09062;20SECONDTARGET
406500231,71.0337,-18.6667,5.54,
423477366,71.108,-18.8159,8.28,
471015203,78.8139,-23.8525,16.32,
627018,72.9427,-24.0029,12.11,G09123;20SECONDTARGET
665760,73.2263,-25.2394,15.8,
671113289,76.7704,-24.1031,16.78,G09102;20SECONDTARGET
671115050,77.1013,-24.0204,16.67,G09102;G09166;20SECONDTARGET
671303981,73.1382,-17.8033,16.87,G09102;20SECONDTARGET
671374045,78.2911,-15.8919,19.92,
671518891,71.8265,-15.2522,19.92,
686226999,72.2558,-25.4435,17.0,G09102;G09166;20SECONDTARGET
686424591,67.7059,-20.6038,19.05,
713341,74.4807,-24.5136,16.8,
10000462783,68.4249,-33.5127,13.79,
10000479385,66.9569,-25.7412,14.77,
10000479484,67.3773,-26.7131,12.95,
10000479488,67.4202,-27.4087,14.02,
10000479523,67.4986,-26.8371,13.2,
10000481380,72.2937,-29.2064,15.77,
10000481538,73.0282,-27.9731,15.36,
10000481759,73.963,-29.8834,12.65,
10000481816,74.1412,-28.5039,12.55,
10000481943,74.6774,-28.2356,13.22,
10000482093,75.1898,-29.8581,13.08,
10000484483,72.4816,-31.9655,11.74,
10000484603,73.0206,-32.9904,13.48,
10000484642,73.2477,-30.3065,14.95,
10000484681,73.4523,-32.44,13.32,
10000484804,74.04,-31.0388,14.48,
10000485092,75.6474,-30.7976,15.2,
10000513269,76.1371,-29.07,13.67,
10000513334,76.2572,-29.3406,14.6,
10000513404,76.5093,-27.8014,14.86,
10000515376,76.5579,-38.0543,14.06,
10000515477,77.048,-36.9598,15.72,
10000633060,76.2794,-31.7843,14.28,
10000633091,76.6072,-31.9542,12.97,
10000633267,77.6957,-31.5971,13.64,
10001556564,73.5847,-36.4839,14.29,
10002354847,71.2619,-27.7729,14.06,
10002354941,71.5367,-27.7392,16.04,
10005000121,76.3102,-37.9808,9.78,
1167538,70.9976,-31.9067,10.01,G09123;G09126;20SECONDTARGET
1196437,71.1137,-35.2964,15.84,G09016;G09102;G09017;G09166;20SECONDTARGET
1233421,71.9568,-30.0197,5.41,
1271818,72.4678,-35.1085,6.68,
1272398,72.6762,-34.4348,15.04,
13020091,75.3908,-29.5336,11.98,
13020805,75.3632,-26.8222,16.05,
13069774,75.8937,-28.4546,11.93,
13072717,75.982,-28.9091,14.32,G09102;20SECONDTARGET
1308855,72.8678,-34.9064,5.75,
1309019,72.9006,-34.2263,13.77,G09142;20SECONDTARGET
13135619,76.6339,-29.4508,11.32,
13136192,76.7134,-27.6641,12.75,
13145616,76.834,-28.0401,11.29,
13147218,77.0047,-26.7978,7.49,G09062;20SECONDTARGET
13202614,77.2029,-29.2681,12.26,
13223161,77.6005,-28.0154,11.71,
1333933,73.3553,-32.8003,13.96,G09142;20SECONDTARGET
13345794,78.8516,-26.9437,5.16,
1354091,73.6773,-31.4358,7.5,G09062;20SECONDTARGET
1354440,73.6764,-32.7531,12.8,
13931687,74.8348,-36.8707,6.66,G09062;20SECONDTARGET
14001336,76.1517,-36.1765,9.43,
1440978,74.824,-34.7288,11.93,
1441057,74.9136,-34.4484,12.5,
1450494,75.1264,-32.2795,18.34,
1521078,75.595,-31.7707,4.95,
1526470,75.632,-35.2386,15.3,G09102;20SECONDTARGET
1528696,75.7953,-30.3995,13.17,G09058;G09142;20SECONDTARGET
1535347,75.9235,-32.3146,13.59,
168901962,65.4378,-31.7265,16.57,G09102;20SECONDTARGET
170589216,65.7823,-35.5447,5.33,
170634116,66.3709,-30.6004,9.68,G09058;G09114;20SECONDTARGET
170636418,66.6275,-32.8162,6.43,G09062;20SECONDTARGET
170636897,66.6354,-30.804,11.07,G09123;20SECONDTARGET
170671853,66.9405,-33.4619,13.13,G09123;20SECONDTARGET
170673573,66.9574,-33.4503,12.99,G09123;20SECONDTARGET
170697643,67.6681,-35.6533,5.1,
170699229,67.9111,-30.7142,11.81,G09123;20SECONDTARGET
170699294,67.8989,-30.9532,9.75,
170699427,67.899,-31.52,7.14,G09062;20SECONDTARGET
170729775,67.9844,-34.4557,9.9,
170732273,68.2355,-35.9578,16.24,G09102;20SECONDTARGET
170753235,68.5469,-31.8202,12.98,
170766490,68.7119,-35.7892,10.01,G09123;20SECONDTARGET
170767866,68.8872,-30.5624,2.97,
170783936,69.0549,-32.6192,13.42,
170849515,70.3397,-32.3205,14.86,G09142;G09031;20SECONDTARGET
170869314,70.6081,-32.1003,15.05,G09102;20SECONDTARGET
170882402,70.8488,-32.9845,15.06,
178806944,66.1948,-27.92,15.58,
178873605,67.2947,-29.0466,14.36,
178879091,67.3862,-26.2756,5.72,
178879588,67.4186,-28.1972,13.26,G09058;G09142;20SECONDTARGET
178893906,67.6132,-27.8727,13.64,G09102;20SECONDTARGET
178895451,67.8283,-25.8767,15.7,
178937085,68.3763,-29.7685,3.65,
178937531,68.3933,-27.8903,16.05,G09102;20SECONDTARGET
178952927,69.1414,-27.5787,5.68,G09123;20SECONDTARGET
178967288,69.2387,-29.0564,11.19,
178994042,69.748,-28.9377,16.73,G09102;G09166;20SECONDTARGET
257689590,74.7516,-37.0337,17.01,G09016;G09102;G09017;G09166;20SECONDTARGET
369394241,73.4695,-36.8207,14.0,G09102;20SECONDTARGET
423810900,71.3191,-27.6669,13.53,
423831579,71.4711,-29.7777,9.38,
590241,71.6428,-26.4654,13.75,
590274,71.7066,-26.3025,7.47,
595279,72.0788,-26.8538,9.08,
615133,72.7662,-27.5198,8.1,
664069,73.0276,-28.5981,18.27,
664269,73.0823,-29.4323,7.98,G09062;20SECONDTARGET
671075197,77.3919,-27.1919,16.96,G09102;G09166;20SECONDTARGET
671727,73.3787,-29.7155,15.53,
675445,73.7062,-29.5618,8.55,
682411,73.9227,-28.3054,15.54,
682778,73.8997,-29.4827,15.18,G09102;G09166;20SECONDTARGET
685830365,77.621,-33.013,19.45,
686000180,67.3616,-36.7331,18.81,
686016668,72.0663,-35.1065,19.51,
686044219,65.4539,-35.9806,17.17,G09016;G09102;G09017;G09166;20SECONDTARGET
686072378,68.227,-32.887,16.25,G09102;G09166;20SECONDTARGET
686079063,66.5442,-32.4845,17.09,G09102;G09166;20SECONDTARGET
686079305,65.3501,-33.2477,19.33,
686151535,74.7793,-29.3285,20.36,
686151971,74.4665,-29.3203,17.05,G09102;G09166;20SECONDTARGET
686160823,75.9553,-28.3855,17.73,G09025;G09102;G09166;20SECONDTARGET
686194697,73.3588,-29.628,20.0,
686197983,73.6795,-28.6534,18.24,
686220013,71.6422,-26.4658,13.88,
686332649,66.4078,-26.586,19.76,
711825,74.313,-28.4856,17.45,
7697120,65.8098,-36.3325,7.7,G09062;20SECONDTARGET
770554,74.9343,-27.2431,15.97,G09102;20SECONDTARGET
77156015,68.1089,-36.3425,8.82,
77175217,68.2888,-36.9457,7.77,
77208363,68.9211,-35.9166,11.99,
77229441,69.1359,-36.5972,15.94,
77288515,70.5149,-37.1427,4.67,G09062;20SECONDTARGET
77339881,70.9947,-36.7219,12.42,G09123;20SECONDTARGET
77340485,71.1884,-37.2439,9.9,
77360048,72.3152,-36.8248,14.76,G09102;20SECONDTARGET
77372867,72.8413,-37.7184,16.29,
77437193,73.1278,-37.505,16.3,G09102;20SECONDTARGET
77477081,73.3839,-37.0285,15.91,G09102;20SECONDTARGET
77669474,76.1028,-35.4833,3.55,
77671078,76.2378,-30.1925,13.33,
77671865,76.2565,-33.0376,15.41,
77725168,77.0614,-35.7183,5.58,
77836699,77.8727,-33.8809,7.5,G09062;20SECONDTARGET
77839149,77.9976,-32.965,19.01,
77842052,78.1491,-30.6852,14.02,
77860509,78.4501,-31.3256,11.81,
778852,75.2268,-29.6894,13.7,G09102;20SECONDTARGET
77894679,78.8292,-31.4238,17.61,
7807668,67.6941,-36.0873,13.09,
10000556991,84.021,-32.9145,14.92,
10000570249,80.7727,-26.8239,13.53,
10000570250,80.7459,-26.8858,14.12,
10000570988,83.6691,-29.2324,13.17,
10000571009,83.53,-28.4657,12.54,
10000572408,85.7343,-29.7305,13.9,
10000572469,85.8872,-27.6515,13.36,
10000578871,91.3249,-27.857,12.26,
10000579113,92.2394,-27.8019,13.88,
10000633697,79.9598,-32.1445,16.73,
10000633700,79.8992,-32.6578,12.85,
10000650148,85.8696,-30.4945,12.46,
10000650182,85.9775,-33.2753,13.01,
10000650604,87.6705,-32.1376,14.73,
10000687991,89.4196,-34.9338,13.73,
10000688012,89.5275,-30.8337,15.41,
10000757832,87.9735,-36.6316,14.34,
10001189760,85.2533,-35.7187,16.41,
10001347135,91.8321,-34.2045,14.31,
10001347394,92.714,-33.8824,12.62,
10005000320,86.7579,-34.2506,10.55,
100479167,85.643,-34.2616,10.55,G09123;20SECONDTARGET
100481123,85.8616,-30.4203,11.69,G09123;20SECONDTARGET
100509043,85.7897,-34.6133,15.95,
100509149,85.8365,-34.888,17.39,G09025;G09041;G09102;20SECONDTARGET
100527824,86.0512,-35.4302,15.33,G09102;G09166;20SECONDTARGET
100531398,86.3044,-31.6693,6.5,G09062;20SECONDTARGET
100532933,86.3926,-35.3443,15.54,
100589904,86.4996,-32.3066,5.47,G09150;20SECONDTARGET
100608178,86.7774,-32.1781,11.58,G09123;20SECONDTARGET
100679848,87.476,-30.6212,5.82,
100722385,87.6473,-30.0266,10.04,
100722499,87.7402,-30.0493,15.5,
100725142,87.7405,-35.7653,2.13,
100759620,88.2048,-34.5609,5.82,
100775794,88.2786,-33.8011,5.04,
100778084,88.4632,-32.7662,17.48,
140209922,84.7054,-35.492,9.54,G09123;20SECONDTARGET
140213635,84.9575,-32.6295,4.66,
140214221,84.9123,-34.0743,2.65,G09164;20SECONDTARGET
140215017,85.13,-35.9571,13.95,
140281093,85.1276,-30.7225,8.48,
140286859,85.477,-30.9594,13.89,G09102;20SECONDTARGET
140288359,85.5634,-34.6674,5.34,
143093935,89.0873,-31.3824,5.13,
143095430,89.2042,-31.9761,5.55,
143095874,89.2235,-33.1821,17.08,
143103494,89.0936,-34.0836,9.61,
143103537,89.0922,-34.1884,14.67,
143108992,89.3842,-35.2832,4.54,G09150;20SECONDTARGET
143143769,89.5988,-30.8118,12.37,G09031;G09123;20SECONDTARGET
143145214,89.7314,-32.2947,14.25,
143171022,90.0208,-33.9178,16.2,
143205487,90.2897,-31.7264,7.89,G09062;20SECONDTARGET
143206592,90.341,-33.8917,17.91,
143209292,90.3567,-32.4189,11.81,
143271607,90.6987,-29.9968,7.07,
143275534,90.9947,-34.2928,15.14,G09102;20SECONDTARGET
143314844,91.0843,-32.1715,5.85,
153165824,89.5191,-29.4526,15.48,
153166871,89.64,-27.7823,12.21,
160329609,91.2175,-34.5574,9.65,
160330452,91.3634,-35.5135,5.83,
167661833,79.7557,-38.4147,16.49,G09016;G09102;G09017;20SECONDTARGET
167745419,80.9121,-37.3366,5.93,
192789761,82.064,-37.2303,5.58,
192826603,82.7141,-36.6311,13.91,G09142;G09031;20SECONDTARGET
192847293,83.2147,-38.5135,4.43,
20061482,88.6437,-38.1169,15.42,G09102;G09166;20SECONDTARGET
20069221,88.875,-37.1208,4.09,
201373582,91.7653,-34.312,5.85,G09164;20SECONDTARGET
201391310,92.1411,-34.0487,9.47,
201426753,92.33,-35.8257,9.2,G09123;20SECONDTARGET
201430973,92.5356,-30.7095,15.83,
20143614,89.5612,-37.5744,14.79,G09102;20SECONDTARGET
20144117,89.5605,-36.3117,14.38,
201466446,92.6329,-34.8168,5.95,
201467153,92.6666,-33.6514,13.53,
201513771,93.1599,-32.8993,16.51,G09102;G09166;20SECONDTARGET
20208781,90.1363,-36.8807,13.0,
21444273,85.5535,-37.6383,10.72,
21726745,88.1386,-37.6313,4.74,
24358417,81.3447,-34.6682,11.7,G09058;G09123;20SECONDTARGET
24358831,81.3827,-33.341,12.3,
24360869,81.5039,-32.2091,5.9,
24398701,81.5636,-32.5054,6.82,
24429786,81.8718,-35.5521,15.93,
24431267,81.8502,-31.1179,16.08,G09016;G09102;G09017;G09166;20SECONDTARGET
24448282,82.1765,-33.4501,11.71,
24448566,82.1032,-32.6295,15.7,
24449672,82.2778,-30.1167,5.84,
24450633,82.3564,-32.8176,13.72,
24450869,82.2357,-33.4712,10.06,G09123;20SECONDTARGET
24451239,82.3506,-34.5154,7.89,G09123;20SECONDTARGET
24452802,82.4363,-32.6539,10.91,G09123;20SECONDTARGET
24461739,82.5212,-33.2433,14.92,
24464738,82.771,-30.1992,10.59,
24526119,82.8034,-35.4707,2.88,
24529777,83.1155,-30.5547,9.61,
24531951,83.2817,-35.1396,4.82,
24533685,83.3246,-30.3307,13.84,
24535022,83.4726,-33.2471,15.33,
24588164,83.6765,-34.1844,15.34,
24608799,83.8611,-33.2684,6.25,G09062;20SECONDTARGET
24608852,83.8147,-33.0789,4.83,
24609497,83.8736,-31.4045,15.26,
24624772,84.2188,-31.179,13.88,
24627008,84.4504,-34.6897,5.5,
300112979,92.3482,-37.6609,15.25,
30960075,79.8882,-27.775,14.35,
31143543,81.3512,-27.9863,13.14,
31173868,81.5831,-28.5245,13.96,
31174073,81.5511,-28.9735,15.84,
31353324,82.9971,-29.7711,14.03,
31373557,83.4008,-29.4905,18.33,
31373667,83.2973,-29.2389,11.89,G09123;20SECONDTARGET
31406847,83.747,-29.9009,9.61,G09123;20SECONDTARGET
31475829,84.0431,-28.708,6.13,
32499622,84.3187,-27.8717,5.82,
32499655,84.3267,-27.9726,13.54,G09142;G09031;20SECONDTARGET
32500750,84.4356,-28.6894,4.83,G09062;20SECONDTARGET
32556882,84.9135,-28.5587,13.59,
32644711,85.5995,-27.9676,13.11,G09123;20SECONDTARGET
32816814,86.8247,-28.9367,11.72,G09123;20SECONDTARGET
32816844,86.7187,-28.8911,7.02,
32828818,86.8416,-27.1346,6.69,G09062;20SECONDTARGET
32873308,87.1861,-29.7152,12.17,
32874669,87.2776,-27.5654,9.55,G09123;20SECONDTARGET
32930236,87.5894,-29.2557,10.39,G09123;20SECONDTARGET
32931066,87.5807,-27.7161,14.08,
32949762,87.6797,-27.6234,12.34,G09058;G09031;G09123;20SECONDTARGET
33006416,88.0666,-28.6572,8.48,G09123;20SECONDTARGET
33063882,88.5583,-29.1474,5.96,G09062;20SECONDTARGET
33103593,88.7908,-29.9289,13.79,
33103633,88.9025,-29.9164,7.41,G09062;20SECONDTARGET
33166796,89.0356,-28.822,14.39,
37075377,90.3737,-29.5139,8.83,
37118148,90.6663,-28.7693,14.6,G09102;20SECONDTARGET
37118154,90.6282,-28.7564,13.56,
37200678,91.1802,-28.0607,7.56,
37250075,91.3529,-28.6762,8.01,G09062;20SECONDTARGET
37302048,91.5232,-29.7589,5.79,
37498177,92.6444,-27.1548,4.81,
37543678,92.9043,-27.9275,7.38,G09062;20SECONDTARGET
393296309,91.8818,-37.2529,5.09,
393315347,92.2068,-36.1306,7.58,G09062;20SECONDTARGET
453076458,91.1721,-37.0206,13.95,
685763522,79.8292,-37.135,17.32,
705492434,88.5632,-35.9867,18.9,
705615462,90.046,-31.2933,20.62,
706185961,85.6425,-34.2618,10.58,
706254968,86.7392,-30.865,16.83,G09102;20SECONDTARGET
706343292,80.1264,-28.8195,16.87,G09102;G09166;20SECONDTARGET
706421797,90.151,-28.9904,18.25,
706457525,90.1387,-27.1553,19.32,
735048592,82.7489,-35.7682,17.08,G09102;G09166;20SECONDTARGET
735067440,80.8393,-34.5667,17.59,
77992461,79.6569,-35.113,15.76,
77993620,79.8224,-33.708,5.66,
78014636,80.1675,-33.7275,16.49,
78015136,80.2023,-35.1584,13.32,
78055054,80.5383,-30.9708,12.85,G09058;G09031;G09123;20SECONDTARGET
10000428160,82.0589,-16.1243,13.63,
10000570632,82.4208,-24.7141,13.02,
10000572346,85.5196,-26.145,15.1,
10000572374,85.5608,-25.5401,15.17,
10000572658,86.3422,-25.7915,13.3,
10000572891,86.948,-25.7457,14.41,
10000572956,87.2022,-24.379,13.67,
10000573155,87.63,-25.9559,15.95,
10000574379,87.6947,-18.1707,13.09,
10000574482,88.1078,-19.4414,13.54,
10000578921,91.6256,-24.6858,13.24,
10000579149,92.2212,-25.1444,13.96,
10000596975,83.0772,-17.2239,12.36,
10000597055,83.3211,-17.7941,13.96,
10000597372,84.2216,-15.2041,12.65,
10000597607,85.0746,-17.8361,13.24,
10000643991,82.6325,-23.1068,13.16,
10000643992,82.574,-22.8615,13.49,
10000644017,82.5689,-18.0124,13.43,
10000644093,82.9655,-23.1444,13.48,
10000644226,83.5047,-23.31,11.4,
10000644234,83.5903,-23.5334,12.01,
10000644391,84.1945,-22.4064,13.63,
10000644420,84.2914,-18.3886,16.27,
10000644797,85.7746,-20.6705,14.94,
10000644833,85.9063,-19.117,13.55,
10000644911,86.4747,-21.9991,12.0,
10000644996,86.7192,-18.7264,12.47,
10000674907,88.9457,-19.0432,12.86,
10000674927,89.1049,-19.692,13.42,
10000675034,89.4725,-23.1808,12.47,
10000675186,90.1052,-21.6712,15.22,
10000675200,90.2832,-23.6723,12.01,
10000675208,90.2833,-21.7387,13.69,
10000675249,90.3706,-20.166,13.67,
10000675294,90.4868,-20.1371,13.28,
10000675400,90.9033,-20.6542,12.98,
10000675641,91.8322,-22.0691,14.01,
10000675708,91.9362,-23.4867,12.87,
10000675721,92.0092,-21.7467,11.99,
10000675884,92.5072,-22.6256,13.93,
10001740460,81.7737,-20.6781,16.15,
10001797326,82.2817,-19.934,15.31,
10002335424,82.4747,-18.7145,12.99,
10002561048,80.9851,-17.2603,12.93,
10002561114,81.1962,-15.9433,13.54,
10002629941,86.6978,-16.7826,11.51,
10002630073,87.2073,-17.4452,14.83,
10002630297,88.1518,-17.7874,14.02,
10002630347,88.2503,-17.876,12.38,
10005000313,83.3407,-21.9458,10.3,
123575739,89.0604,-22.8397,4.99,
123624399,89.1436,-23.2151,5.44,
123624704,89.1256,-23.8387,16.46,
123662875,89.8136,-23.6555,12.58,G09123;20SECONDTARGET
123665218,89.8083,-20.8325,14.56,
123762225,90.2614,-23.1653,8.98,
123795232,90.3412,-19.6319,12.99,
123798079,90.5612,-23.8745,17.21,
123851135,90.614,-22.4227,9.37,
123975662,91.2828,-21.7252,9.25,
124029363,91.5559,-20.3521,12.33,G09102;20SECONDTARGET
124029677,91.5403,-19.9536,11.21,G09058;G09123;20SECONDTARGET
124079237,91.6336,-23.111,5.42,
124086703,91.9195,-19.8586,14.97,G09102;20SECONDTARGET
124184293,92.2411,-22.4277,5.52,
124184908,92.2456,-21.7153,17.2,
124229161,92.4506,-22.7739,5.26,G09062;20SECONDTARGET
124279525,92.6431,-21.87,6.41,G09123;20SECONDTARGET
139421669,80.4348,-21.0238,17.07,G09016;G09017;G09102;G09166;20SECONDTARGET
255752750,81.4993,-19.6956,5.42,G09062;20SECONDTARGET
290051228,91.6596,-16.5187,5.76,
306330414,90.8244,-16.0434,6.94,G09062;20SECONDTARGET
306362738,91.0899,-16.9655,10.82,G09058;20SECONDTARGET
306364130,91.1018,-14.8237,9.31,
306476702,91.5387,-14.9352,4.65,
31053527,80.4426,-24.7731,4.57,
31142648,81.3002,-25.954,16.57,G09177;G09102;20SECONDTARGET
31196928,82.1558,-24.6514,17.31,
316973607,86.1025,-16.4537,13.59,
317132886,86.7388,-14.822,3.46,
317133707,86.7824,-16.2382,5.39,
317546326,88.2945,-15.61,15.5,G09102;G09166;20SECONDTARGET
317548889,88.3783,-16.2657,6.78,G09062;G09123;20SECONDTARGET
317601284,88.4624,-17.6814,16.76,G09177;G09102;20SECONDTARGET
317921889,89.905,-16.7861,7.25,G09062;20SECONDTARGET
32498058,84.1936,-24.0312,8.83,
32554144,84.8509,-25.243,7.26,G09062;20SECONDTARGET
32607434,85.2799,-24.1549,12.17,
32705970,86.0559,-26.1043,10.0,G09123;20SECONDTARGET
32926720,87.4801,-24.1359,17.38,
32927676,87.5091,-25.7649,14.95,
33418853,87.4728,-22.9717,5.83,
33474500,87.8322,-20.8839,2.85,
33517080,87.8692,-22.9273,5.3,
33518759,87.9135,-22.028,8.75,
33521996,88.1468,-19.0316,13.34,G09142;G09031;20SECONDTARGET
37004041,90.1499,-25.1978,15.46,
37254377,91.4398,-24.1957,2.85,
37348844,91.8723,-25.5949,13.61,G09142;G09010;20SECONDTARGET
37437272,92.3865,-25.2754,7.72,G09062;20SECONDTARGET
389856126,81.68,-18.4088,14.62,
393749316,80.7897,-20.3334,12.62,G09123;20SECONDTARGET
393792068,80.8949,-19.9587,16.2,
393794445,81.0552,-21.0787,11.83,G09123;20SECONDTARGET
393805056,81.3542,-19.0228,18.71,
393805278,81.3805,-18.4858,14.52,
408908804,92.0264,-15.9015,6.5,G09062;20SECONDTARGET
420963448,82.0613,-20.7601,1.98,
420964096,82.0865,-22.4328,6.22,G09062;20SECONDTARGET
420980626,82.2848,-19.956,14.04,
424994021,81.9022,-21.3755,5.23,
442920239,80.4805,-17.6036,5.46,
442924534,80.7223,-15.0246,8.31,
442932272,81.08,-16.0213,10.59,
442956224,81.119,-16.9759,5.68,
442962289,81.4481,-17.5642,16.57,G09016;G09102;G09017;G09166;20SECONDTARGET
445062554,91.2463,-16.4845,4.18,
46312112,83.1826,-17.8223,1.06,
46386531,83.5384,-15.2844,7.78,
46432937,83.8689,-14.5971,12.37,G09058;G09031;20SECONDTARGET
46556441,84.6586,-16.9201,7.03,G09062;20SECONDTARGET
46557378,84.6883,-15.0051,17.03,
706817422,89.4319,-21.2865,19.09,
708374447,81.8366,-22.6833,17.62,
708646956,86.8023,-16.6619,20.05,
708676550,82.8645,-15.9406,16.86,G09102;20SECONDTARGET
709069038,87.5134,-16.5056,17.02,G09102;G09166;20SECONDTARGET
92847613,82.7818,-20.864,5.56,
92878753,83.1221,-20.7258,9.78,G09123;20SECONDTARGET
92881791,83.2009,-22.5785,17.42,
92988221,83.7866,-21.9117,10.82,
93052905,84.2981,-22.7963,16.88,
93125144,84.8466,-19.5585,9.68,G09123;G09126;20SECONDTARGET
93126844,85.0865,-19.6698,8.5,G09123;20SECONDTARGET
93127970,85.0267,-22.0064,15.74,
93211119,85.5582,-22.3736,5.78,
93239342,85.8404,-18.5576,5.79,
93243348,85.9438,-21.4287,5.84,
93277807,86.0467,-19.7314,14.0,
93279196,86.1081,-22.4245,5.28,
93280091,86.1266,-23.6051,10.08,
93280676,86.1135,-22.4511,3.1,G09062;G09157;20SECONDTARGET
93281916,86.1182,-20.1263,5.82,G09062;20SECONDTARGET
93281939,86.1408,-20.0877,11.65,
93329105,86.3056,-20.527,15.96,
93331175,86.4781,-23.1406,5.98,
93443984,87.2543,-23.8095,7.68,G09062;20SECONDTARGET
94987316,81.7916,-16.5247,6.89,G09062;20SECONDTARGET
94987745,81.8506,-17.5173,16.31,
95111402,90.4134,-15.5894,5.6,
95328477,90.6023,-16.5809,10.39,G09123;20SECONDTARGET
10000579589,93.6466,-25.7976,13.64,
10000579646,93.7612,-25.8171,13.84,
10000579891,94.7375,-24.5516,14.2,
10000614502,95.3782,-22.0874,12.53,
10000614742,96.1495,-22.8382,11.52,
10000614857,96.4916,-22.0048,12.43,
10000676103,93.0341,-23.5392,13.79,
10000676110,93.0401,-21.8059,10.88,
10000676250,93.4256,-23.5544,13.4,
10000676260,93.5564,-21.6578,14.23,
10000880222,98.2165,-25.7225,13.54,
10000880247,98.4279,-24.986,13.45,
10000880251,98.5296,-25.6821,13.4,
10000880477,99.6202,-24.8487,11.93,
10005000331,94.0921,-21.3727,10.96,
124312660,92.8152,-21.6037,16.59,
124316475,92.9295,-18.1859,5.77,
124379043,93.1147,-23.4925,12.07,G09058;20SECONDTARGET
124494439,93.4383,-23.8611,5.72,
124494465,93.4463,-23.9061,10.35,
142667952,103.5466,-13.6395,7.38,G09062;20SECONDTARGET
146908355,104.0342,-17.0542,4.46,
172361890,99.7196,-25.16,14.46,
172467837,100.1985,-24.387,14.96,G09041;G09102;20SECONDTARGET
172592044,100.5212,-24.2626,15.83,
172696401,100.943,-25.0158,9.42,
172925290,101.8836,-24.0964,15.26,G09102;20SECONDTARGET
172925577,101.9408,-24.3111,9.13,
288003192,98.0604,-14.5508,11.56,
322897154,101.3207,-15.5848,14.08,G09041;20SECONDTARGET
322899250,101.2828,-16.7248,-0.89,
33692053,93.1265,-15.3508,17.34,G09016;G09102;G09017;20SECONDTARGET
33742428,93.1618,-16.8097,8.3,
34528966,95.525,-15.6638,5.44,
346316998,96.6778,-14.6035,5.26,
346566694,97.156,-17.4659,4.77,
34845130,96.3457,-14.745,10.61,
35241809,101.7129,-14.4259,5.29,
35586307,102.2406,-15.1448,5.49,
369470361,101.4974,-14.7963,5.23,
37738490,93.5499,-24.2622,14.57,
37770169,94.0101,-25.0316,10.7,G09031;G09123;20SECONDTARGET
37879043,94.4064,-24.4456,7.04,G09062;20SECONDTARGET
37879352,94.3034,-24.0748,5.89,
37918115,94.7976,-25.3206,14.4,
421835970,100.6565,-14.4552,5.59,
443556801,99.3639,-15.4809,11.37,G09031;G09123;20SECONDTARGET
4616072,101.9942,-21.9107,12.89,G09058;20SECONDTARGET
47499442,96.894,-19.5736,16.62,G09016;G09102;G09017;20SECONDTARGET
47516617,98.2904,-25.0335,13.16,
47549129,97.1064,-18.7484,13.27,
47584791,98.3983,-24.2535,15.62,
47596872,97.2779,-21.5142,13.42,
47599071,97.2597,-23.6665,17.22,
47636304,104.1912,-23.9654,4.68,
47720049,97.7428,-23.7274,16.22,
47763235,97.964,-23.4184,4.65,G09150;20SECONDTARGET
47908160,98.361,-20.9242,5.64,
47911178,98.3511,-23.486,9.79,G09058;G09114;20SECONDTARGET
48096583,98.7642,-22.9647,4.57,
48099802,98.8785,-22.1092,5.46,
48170827,99.0951,-18.6598,4.96,
48237215,99.1715,-19.2564,3.07,
48394292,99.4725,-18.2375,3.44,
48402361,99.5954,-23.5804,5.8,
48403042,99.6715,-23.7191,13.27,
48518865,99.808,-22.9029,15.69,
48524451,100.0174,-20.6322,14.38,
48621044,96.7887,-24.0485,12.9,
48881783,100.6914,-22.4479,5.93,
49187883,101.3472,-23.4623,5.03,
49243869,101.5469,-20.8131,9.91,
49252264,101.6077,-19.8779,5.94,
49312357,101.7017,-22.2129,9.79,
49383411,101.8158,-20.3251,5.0,
49703944,95.8658,-25.1912,15.86,G09102;20SECONDTARGET
49774041,96.0464,-24.5307,10.56,
53745318,103.5331,-24.1842,2.41,
53746254,103.5235,-24.6948,14.43,G09102;20SECONDTARGET
59711151,93.8243,-18.4776,5.07,
59748064,93.8786,-22.5979,16.48,
59752641,93.9109,-19.8051,7.69,G09062;20SECONDTARGET
59843967,94.1121,-22.5469,12.76,G09058;20SECONDTARGET
59846132,94.266,-22.7172,5.53,G09062;20SECONDTARGET
59850018,94.2192,-18.6065,6.89,G09062;20SECONDTARGET
59953834,94.5572,-19.9669,5.69,
59992542,94.7067,-22.8549,9.32,
59994379,94.7457,-20.9256,5.93,
60040774,94.985,-17.9723,16.88,G09016;G09102;G09017;20SECONDTARGET
60118283,95.1463,-23.6385,5.51,
60348471,95.9921,-23.1697,14.56,
61405251,102.5906,-17.0846,4.45,
63041201,104.391,-24.6301,5.04,G09062;20SECONDTARGET
707208969,97.0336,-22.2453,15.85,G09041;20SECONDTARGET
707973185,99.2239,-16.7411,17.34,G09016;G09102;G09017;G09166;20SECONDTARGET
78567272,102.8724,-23.0871,8.96,
78816109,103.328,-19.0327,5.38,
78897024,103.3871,-20.2242,5.05,G09150;20SECONDTARGET
79136279,103.7614,-20.405,5.76,
79145706,103.9455,-22.9414,5.47,
79215518,103.9064,-20.1362,4.31,G09062;20SECONDTARGET
79434492,104.2598,-20.8308,15.14,
80037747,105.0689,-20.4475,15.6,
80275988,105.2687,-21.9643,7.15,
10000579910,94.7634,-29.3269,14.89,
10000579923,94.9478,-26.9093,15.26,
10000602794,95.3604,-28.1114,12.18,
10000605992,100.2154,-32.4823,11.81,
10000663894,95.9434,-32.2167,13.11,
10000779472,96.3936,-28.4543,12.76,
10000779523,96.6636,-28.6643,12.7,
10000880780,100.9353,-27.2665,12.91,
10000952681,100.6721,-27.4595,11.45,
10001271186,97.9895,-26.7691,13.6,
10005000202,95.4157,-27.2337,9.84,
10005000323,101.2046,-27.6386,10.94,
101145689,99.0197,-27.6691,13.19,
117667820,95.8099,-31.7903,5.54,
117739047,96.1075,-32.959,15.45,G09102;G09166;20SECONDTARGET
117768715,96.4108,-31.481,7.4,G09123;20SECONDTARGET
117772549,96.5611,-33.4564,8.86,
119327800,96.7816,-37.8952,6.11,G09062;20SECONDTARGET
119518289,98.0898,-37.6973,4.39,
124657334,93.6359,-33.0413,15.17,
124690319,93.9376,-35.2499,14.59,
124747824,94.1121,-30.2681,15.93,
124751941,94.1381,-35.1399,3.56,
124774225,94.1478,-30.1765,14.54,
124778445,94.4447,-35.7063,13.98,G09142;20SECONDTARGET
124848134,94.8194,-34.9409,13.13,
124854318,94.9207,-34.3966,5.85,
124918771,95.0784,-30.0633,3.22,
124921846,95.151,-34.144,5.72,
124939805,95.5283,-33.4368,3.08,
124984647,95.7452,-30.0167,15.7,
147902328,99.0521,-36.1388,6.65,G09062;20SECONDTARGET
147902364,98.9749,-36.0891,5.89,G09062;20SECONDTARGET
147944220,99.3076,-36.9906,5.84,
147977348,99.7346,-36.6461,10.04,G09058;G09114;20SECONDTARGET
148002142,99.9449,-37.8361,10.01,
148228019,101.1887,-36.6574,8.25,
156712422,102.9264,-36.2307,5.79,
156758257,103.1948,-36.6046,10.23,
157126064,105.0963,-37.1784,9.95,
157206668,105.3725,-37.1598,9.12,
157209352,105.4851,-36.8954,9.54,
157340348,105.8626,-37.2049,9.06,
157525530,106.4981,-36.0466,9.82,
157526610,106.6818,-36.6827,9.45,
157568280,106.8934,-36.7762,10.02,
172255639,99.3838,-28.3872,11.09,
172359183,99.7068,-27.7479,7.54,G09062;20SECONDTARGET
172403379,99.9883,-28.1646,15.84,G09102;20SECONDTARGET
172523786,100.2822,-29.0624,9.29,
172598832,100.5712,-29.7768,12.94,G09058;20SECONDTARGET
172704129,101.108,-29.3746,13.82,
172734523,101.2799,-27.4003,14.99,
172734582,101.2164,-27.3395,5.9,G09062;20SECONDTARGET
173035047,102.1641,-29.3621,15.81,G09102;20SECONDTARGET
173038281,102.275,-27.3493,9.71,G09079;G09036;G09039;20SECONDTARGET
22533136,107.7075,-36.3656,15.01,
22533480,107.7766,-36.6795,9.91,
231339279,97.0424,-32.5799,4.65,
237383916,95.1965,-36.33,11.02,
237397195,95.8032,-37.6911,12.48,G09102;20SECONDTARGET
237405445,96.0041,-36.7074,4.77,
322687072,99.314,-29.5373,15.81,
37602756,93.1559,-27.2153,13.66,G09102;20SECONDTARGET
37606355,93.3054,-27.7016,9.67,
37659841,93.4241,-28.2543,12.24,
37772171,94.0075,-27.5098,4.28,
37798344,94.2774,-27.6065,13.72,
393388476,94.2897,-37.2537,5.75,
393388737,94.2551,-37.7368,4.58,
49614493,95.4614,-29.145,15.79,G09041;20SECONDTARGET
49614495,95.3799,-29.1503,7.22,G09062;20SECONDTARGET
49672084,95.6725,-27.6301,11.04,
49701362,95.8285,-28.4581,10.04,
49707471,95.9167,-26.964,12.5,G09041;20SECONDTARGET
49771751,96.1024,-27.3134,7.49,G09062;20SECONDTARGET
49831913,96.1814,-28.781,5.79,G09062;G09123;20SECONDTARGET
51829779,97.7635,-35.4801,7.6,G09062;20SECONDTARGET
51830556,97.8045,-35.2588,5.08,
51901086,98.1624,-32.0304,5.88,
51932980,98.3834,-32.8871,16.23,G09102;20SECONDTARGET
52042528,98.6472,-32.7162,5.69,
52045554,98.7778,-30.3553,12.69,
52051207,98.9986,-35.1713,7.34,G09062;20SECONDTARGET
52109184,98.9873,-34.1156,15.81,G09102;20SECONDTARGET
52114921,99.1162,-31.8867,6.51,G09062;20SECONDTARGET
52168938,99.3111,-31.4104,15.58,
52218290,99.3694,-34.1565,14.88,G09102;20SECONDTARGET
52316632,99.9277,-30.4719,4.73,
52386300,100.0237,-30.5524,9.78,
52386303,100.0202,-30.5509,9.34,
52388210,100.2727,-31.1078,15.53,
52638345,101.1186,-31.0705,5.12,
52640302,101.1149,-32.8584,12.05,G09058;20SECONDTARGET
52686322,101.38,-30.9489,5.31,
52687259,101.3437,-31.796,5.44,G09062;20SECONDTARGET
52689469,101.3948,-33.8817,13.64,G09142;20SECONDTARGET
52914902,102.0936,-30.3688,15.75,
52918500,102.1614,-32.4687,7.69,G09062;20SECONDTARGET
52982382,102.4602,-32.5084,3.55,G09164;20SECONDTARGET
53063082,102.5973,-31.7059,5.37,G09164;20SECONDTARGET
53125314,102.8859,-33.9716,15.32,
53175558,103.0078,-33.9151,6.66,G09062;G09123;20SECONDTARGET
53457068,102.6895,-29.4476,7.39,G09062;20SECONDTARGET
53458803,102.8474,-29.0587,11.87,G09058;G09114;20SECONDTARGET
53688090,103.3938,-28.5431,5.42,G09062;20SECONDTARGET
53750200,103.5174,-27.0504,12.23,G09058;20SECONDTARGET
53823089,103.6371,-27.5594,8.27,G09062;20SECONDTARGET
63198307,104.6565,-28.9722,2.48,G09052;20SECONDTARGET
63202939,104.8542,-27.9718,15.26,
63357998,105.0952,-28.8413,15.64,
63359522,105.1029,-28.0002,9.33,
63475995,105.1769,-28.4899,5.84,G09062;20SECONDTARGET
63481992,105.4297,-27.9348,1.85,
63571394,105.3089,-25.9484,5.91,
63661147,105.4513,-27.7021,7.58,G09062;20SECONDTARGET
63801778,105.7239,-28.636,15.54,G09102;20SECONDTARGET
63884928,105.8432,-25.9048,11.66,
64140928,106.3777,-28.3942,15.53,
705867935,98.0687,-29.2467,17.57,G09016;G09102;G09017;G09166;20SECONDTARGET
706113754,95.0298,-27.3868,19.97,
706133296,94.0093,-26.7816,18.72,
738382594,97.9804,-34.9144,15.04,
771965133,103.1342,-35.0535,16.83,G09102;G09017;G09166;20SECONDTARGET
96318059,103.6838,-31.8457,15.86,
96439635,104.1904,-35.3413,5.17,
96520292,104.3408,-35.1936,13.16,
96520633,104.3229,-35.507,5.82,G09062;20SECONDTARGET
96587458,104.6302,-31.0606,14.98,
96651307,104.6044,-34.1117,5.22,
96861698,105.2074,-33.4649,5.47,
96928050,105.4907,-34.7454,15.24,G09102;20SECONDTARGET
97060799,105.8564,-35.3198,9.18,
97060858,105.7794,-35.28,9.69,
97275535,106.223,-33.3046,12.17,
97279089,106.3074,-35.9398,4.94,
97280163,106.4501,-35.1239,9.7,
97422542,106.6891,-34.4125,9.47,
97577574,106.9637,-35.3582,9.25,
97578357,106.9709,-34.8323,7.53,
97652841,107.1274,-35.1322,9.39,
97921547,107.8333,-35.8505,11.1,G09058;G09114;20SECONDTARGET
106336826,109.5789,-29.5037,8.61,
106412328,109.7136,-26.5858,4.46,
106493402,109.9146,-26.745,10.92,
106626137,110.1179,-27.6298,11.54,
107088110,110.6421,-27.2471,16.13,G09177;G09102;20SECONDTARGET
107149050,110.7243,-25.8096,11.79,
107149174,110.743,-25.7676,5.95,
107255233,110.834,-27.7895,14.92,G09016;G09102;G09017;20SECONDTARGET
107415639,111.0237,-29.3031,4.06,G09052;20SECONDTARGET
107415809,111.1245,-29.363,15.12,
107624739,111.3552,-25.2178,5.87,
107859948,111.6306,-26.2014,15.83,
108050416,111.7897,-24.7118,11.95,
108121382,111.9462,-28.7334,16.36,G09177;20SECONDTARGET
108123963,111.9438,-29.525,15.35,
108127886,111.9964,-29.1559,5.58,
108417336,112.1716,-29.1188,5.71,
108644881,112.4628,-28.24,14.44,G09102;20SECONDTARGET
109392256,113.2028,-24.8376,15.88,
109564770,113.2907,-24.7106,5.72,
109728592,113.6446,-27.0117,4.89,
109925960,113.7668,-26.9086,12.38,
109931573,113.7233,-28.6379,15.77,
109979453,113.8449,-28.3694,4.76,
109983737,113.8222,-27.1362,11.44,
110347046,114.3313,-25.2175,14.72,G09102;20SECONDTARGET
110470221,114.2646,-26.8169,5.97,
110606015,114.5752,-25.3649,4.76,
110713000,114.5339,-28.7397,7.63,G09062;20SECONDTARGET
110798652,114.7076,-26.8037,4.65,
110798661,114.7056,-26.8017,4.79,
110909027,114.7617,-26.6917,14.27,
110974899,114.8556,-29.6957,14.52,
111321662,110.552,-34.1215,9.37,
111377943,110.5829,-30.2059,15.66,
111384365,110.7528,-31.9237,5.57,
111493218,110.6631,-34.9398,9.32,
111495503,110.9156,-35.7637,9.23,
111542328,110.8828,-32.202,5.57,
111746359,111.1825,-31.8088,4.46,
112064619,111.5537,-33.9389,10.28,
112115898,111.6559,-30.552,11.77,G09031;20SECONDTARGET
112323893,112.016,-31.7609,15.83,
112476483,112.0707,-34.2443,9.49,
112599166,112.2704,-31.4562,6.0,
112600677,112.2691,-31.0183,15.2,
112603237,112.2121,-30.2661,10.76,
112604564,112.4192,-29.9379,12.32,G09058;20SECONDTARGET
112718670,112.6016,-35.8564,9.62,
112843389,112.6774,-30.9623,3.88,
113661364,113.5492,-33.1194,15.15,G09102;20SECONDTARGET
113662487,113.5529,-33.463,5.83,
113929655,113.7776,-34.2011,10.46,
113936818,113.9548,-35.2532,9.48,
114018671,113.9853,-32.8424,8.24,
114021052,113.9473,-32.2034,7.53,
114115352,114.1256,-32.2118,10.75,G09102;20SECONDTARGET
114299824,114.2834,-32.7554,12.93,G09058;20SECONDTARGET
114477338,114.342,-34.9684,4.58,
114478200,114.4364,-35.277,5.62,
114482163,114.5438,-35.2506,9.64,
114485349,114.5274,-34.2093,10.4,
114485554,114.5792,-34.142,9.98,
125556577,114.9239,-27.4561,13.79,
125894562,115.3388,-25.9609,12.89,
126103756,115.5725,-25.7,12.97,
126209913,115.7581,-28.0041,15.08,
126210045,115.7297,-27.9674,15.94,
126263146,115.7006,-26.3515,4.79,
126441970,115.9519,-28.9548,3.7,G09052;20SECONDTARGET
126446153,116.0132,-27.8266,10.44,G09020;20SECONDTARGET
126586580,116.1423,-24.674,5.82,G09150;20SECONDTARGET
126592536,116.0733,-26.1915,12.39,
126772769,116.2555,-26.0146,13.34,
126781768,116.4536,-24.0712,12.25,
126866428,116.388,-26.386,14.31,
127262002,116.7378,-25.3707,7.79,G09062;20SECONDTARGET
127263843,116.8589,-24.9509,14.07,
127264657,116.8016,-24.7675,14.44,
127324676,116.8982,-24.7489,14.77,
127328218,116.9644,-25.5679,11.56,
127493611,117.0215,-25.9371,4.43,
127574614,117.2567,-24.9121,4.6,
127581770,117.2131,-26.5678,15.01,G09102;20SECONDTARGET
127799216,117.3235,-24.8598,2.34,
128129189,117.7454,-26.8713,13.53,
128671610,118.2597,-27.8328,13.76,G09102;20SECONDTARGET
128906786,118.4945,-26.3488,3.66,
144474192,121.437,-33.5694,5.22,
148795222,115.1267,-33.4251,6.8,G09062;20SECONDTARGET
148874815,115.2191,-31.6611,5.52,
148923311,115.2135,-34.3907,12.14,
149200371,115.6749,-32.6076,11.8,
149409284,115.9916,-30.6037,15.39,
149454487,116.0082,-32.4572,15.89,
149517611,116.2281,-31.886,15.97,G09016;G09102;G09017;G09166;20SECONDTARGET
149672905,116.3935,-34.1598,4.78,G09062;20SECONDTARGET
149744486,116.4076,-33.9184,15.58,G09016;G09102;G09017;20SECONDTARGET
149884141,116.6713,-34.2343,5.79,
150335527,117.3509,-30.5581,7.67,G09062;20SECONDTARGET
150425088,117.4971,-34.4961,9.66,
150467051,117.6,-34.6148,9.09,
150609246,117.7579,-33.6768,10.15,
150796339,118.0635,-34.7037,4.64,G09062;G09157;20SECONDTARGET
150961875,118.274,-30.2022,16.43,
151008903,118.3165,-34.0388,5.64,
151011923,118.3067,-34.9385,5.88,
151270857,118.6662,-34.8468,4.68,
151719888,119.2626,-34.3784,5.39,
151845521,119.417,-30.3345,4.63,
152085965,119.7032,-32.5767,4.92,
152329055,119.9882,-30.3756,7.02,G09194;G09062;20SECONDTARGET
152500440,120.0663,-32.7119,5.3,
152579129,120.0571,-31.1962,7.72,
153107525,120.3994,-27.8354,15.43,
22941759,109.2058,-36.5926,5.22,
23032894,109.3975,-36.6493,15.69,
23037766,109.5765,-36.7339,4.64,
23091719,109.659,-36.7427,5.3,
231483009,109.1864,-30.1899,15.56,
281352857,110.1366,-35.9634,9.89,
284735233,110.8593,-36.2647,9.72,
320033294,109.7998,-33.875,11.78,
320215394,109.9325,-35.2614,15.62,
320216614,110.0523,-35.8572,9.37,
320346426,110.1993,-31.784,14.44,G09102;20SECONDTARGET
320411045,110.1704,-33.9223,12.32,G09058;G09126;20SECONDTARGET
419084538,120.6114,-30.4188,7.97,G09062;20SECONDTARGET
419237698,120.7672,-32.4635,4.79,
64602863,107.0978,-26.3932,1.3,
64702076,107.241,-26.2094,15.85,
64846926,107.5405,-29.7903,15.38,
65052060,107.5804,-27.4915,4.63,
65133819,107.7827,-29.1214,5.14,
65142573,107.8006,-25.9078,7.7,G09062;20SECONDTARGET
65803653,108.5633,-26.3525,4.72,G09150;20SECONDTARGET
65903024,108.7026,-26.7726,4.05,G09164;20SECONDTARGET
66340558,109.2349,-28.3292,13.61,G09102;20SECONDTARGET
775564285,116.5581,-30.4317,16.04,G09016;G09102;G09017;G09166;20SECONDTARGET
98076878,108.0666,-31.0141,14.8,
98077296,108.0167,-30.8212,5.83,
98214147,108.3111,-32.0683,9.22,
98283926,108.4524,-33.4374,13.15,G09058;G09142;20SECONDTARGET
98293921,108.6522,-32.5413,14.32,G09102;20SECONDTARGET
98385772,108.6522,-30.6546,6.19,
98389162,108.8377,-30.6863,5.56,
98545929,109.1045,-31.2444,12.45,G09058;20SECONDTARGET
98550723,109.0528,-33.6243,9.11,
100205079,109.1595,-23.3106,5.75,
100389539,109.3883,-19.8289,10.9,G09058;G09114;20SECONDTARGET
10827386,110.2474,-21.1146,11.7,G09058;G09031;20SECONDTARGET
139334900,111.5256,-21.0848,12.86,
139385056,111.7478,-23.086,5.61,G09150;20SECONDTARGET
139386856,111.6782,-22.4022,10.99,
139395691,111.6409,-19.7139,13.63,
139707038,112.0401,-23.097,15.88,
139780299,112.2741,-18.8752,5.89,
139785230,112.2727,-18.6176,15.92,
139919598,115.4157,-23.1475,14.54,
139920717,115.4489,-22.8438,10.46,
140322590,115.7354,-21.9956,5.88,
140466136,116.0171,-18.7724,14.37,
141597886,117.4194,-19.5056,5.42,
141650303,117.5236,-19.5235,5.07,
141786691,117.776,-18.2472,5.78,
141933991,117.9289,-21.1734,4.8,
147956394,105.7056,-16.6994,5.79,
148109427,105.9396,-15.6334,4.24,
148295706,106.2708,-14.2702,11.08,
148583977,106.5676,-17.0705,14.3,
231376711,115.0563,-19.6608,4.94,
259067121,113.4757,-15.7607,13.95,
259449515,114.0843,-14.34,12.44,
259449639,114.0775,-14.3833,12.51,
259449942,114.0162,-14.4928,5.76,
288472846,114.2748,-14.4915,13.14,
288473541,114.2798,-14.2618,11.98,
289120702,115.0029,-14.7007,15.8,
295826386,109.0603,-15.5858,5.43,
307299862,108.3709,-15.357,16.6,
334057598,116.4869,-14.5638,4.7,
348751896,113.8907,-19.1987,11.38,
348907495,114.0308,-22.1606,5.58,
349037327,114.1381,-21.4365,12.3,
349043273,114.1709,-19.7023,5.91,G09150;20SECONDTARGET
349121749,114.25,-21.3937,5.83,
349209922,114.3425,-20.9452,12.27,
385873047,111.1674,-16.2016,5.18,
385874395,111.1427,-16.7508,15.24,
385924749,111.2831,-13.752,5.37,G09062;20SECONDTARGET
386070356,111.5146,-15.6667,6.31,G09062;20SECONDTARGET
405046988,113.6199,-13.8695,6.24,G09062;20SECONDTARGET
405113468,113.8007,-17.5471,6.74,G09062;20SECONDTARGET
405164570,113.8351,-14.0482,7.07,G09062;20SECONDTARGET
405220640,114.1901,-14.482,12.4,
409089031,109.4897,-13.887,7.08,G09062;20SECONDTARGET
409319605,109.8687,-16.3963,5.38,
409321615,109.7656,-17.2136,5.87,
409545220,110.2428,-14.3605,4.75,
409594381,110.2495,-13.9263,11.01,G09058;G09114;20SECONDTARGET
412346654,110.5564,-19.0166,4.99,
412386553,110.5243,-23.3426,11.3,
412392625,110.608,-21.9822,15.99,
412515802,110.7578,-20.3735,15.02,G09102;20SECONDTARGET
412571927,110.9023,-23.1999,12.76,
412775188,111.212,-19.0123,5.9,
412783527,111.281,-19.5852,10.62,
412842383,111.3332,-21.9826,5.76,
415224879,114.6935,-19.5282,13.86,
415276070,114.9426,-21.4856,11.4,G09058;G09114;20SECONDTARGET
423245334,113.5769,-23.4737,5.41,G09062;20SECONDTARGET
423245341,113.5795,-23.475,5.45,
456796636,113.2165,-21.0948,14.88,G09025;20SECONDTARGET
456821664,113.3317,-19.413,4.7,
456871289,113.5129,-22.2957,3.94,G09062;G09123;20SECONDTARGET
4706382,109.5511,-22.3393,5.71,
4978455,109.758,-19.2803,5.45,
49832986,111.7833,-17.8649,5.32,
50106987,111.9933,-13.5427,12.68,
50108394,112.0206,-13.0503,15.24,G09016;G09102;G09017;20SECONDTARGET
50283734,112.3397,-15.0004,5.86,G09062;20SECONDTARGET
5051080,109.9191,-21.8896,12.47,G09102;20SECONDTARGET
5214630,112.4642,-23.0243,4.57,G09052;20SECONDTARGET
62355113,115.508,-11.8523,6.93,G09062;20SECONDTARGET
64208749,106.5716,-24.6161,5.39,
65652471,108.2604,-24.2248,6.59,G09062;20SECONDTARGET
80954757,106.1962,-22.0319,5.07,
80962669,106.2731,-20.2025,5.98,
81056205,106.2753,-21.4499,5.81,
81320127,106.5726,-20.7306,15.39,G09102;20SECONDTARGET
81737290,107.1142,-21.0698,15.28,G09041;20SECONDTARGET
93686970,114.772,-11.8324,8.06,
94039641,115.0875,-11.7527,5.36,
94697756,115.7456,-17.0614,5.94,
95513457,107.389,-16.2345,6.0,G09052;20SECONDTARGET
98878315,107.5392,-18.6856,5.87,G09062;20SECONDTARGET
99150237,107.9233,-20.8829,5.88,
99151039,107.8085,-21.2319,11.35,
99154441,107.8244,-22.5143,14.71,
99420772,108.1522,-23.2184,14.62,
99691794,108.499,-20.0407,9.59,
99692607,108.504,-19.759,12.46,
99829121,108.6448,-22.7665,14.75,
99921637,108.8403,-19.2684,16.47,
99926537,108.9153,-20.8614,10.88,
99935334,108.887,-23.7075,7.81,G09062;20SECONDTARGET
